title,imdbid,year,class,Country,Fem Wordcount,Production,Rated,Genre,Writers F,Writers M,Director,imdbRating
A bout de souffle,tt0053472,1960,F,France,1,Rialto Pictures,NOT RATED,Crime,0,0,M,7.9
"Magnificent Seven, The",tt0054047,1960,F,USA,0,MGM Home Entertainment,APPROVED,Action,0,1,M,7.8
Make Mine Mink,tt0054049,1960,P,UK,1,J. Arthur Rank Productions,NOT RATED,Comedy,0,3,M,7.1
"Brides of Dracula, The",tt0053677,1960,P,UK,0,Universal-International,UNRATED,Horror,0,3,M,6.8
Le Trou,tt0054407,1960,F,France,0,Filmsonor Productions,NOT RATED,Crime,0,1,M,8.5
"Hustler, The",tt0054997,1961,F,USA,0,Fox,NOT RATED,Drama,1,3,M,8.0
"Phantom Planet, The",tt0055294,1961,F,USA,0,American International Pictures (AIP),UNRATED,Action,0,2,M,3.3
A Woman Is a Woman,tt0055572,1961,F,France,4,Rialto Pictures,NOT RATED,Comedy,0,0,M,7.6
"Curse of the Werewolf, The",tt0054777,1961,P,UK,0,Universal Pictures,APPROVED,Horror,0,1,M,6.8
"Beast of Yucca Flats, The",tt0054673,1961,F,USA,0,Crown International Pictures,UNRATED,Horror,0,1,M,2.4
A Taste of Honey,tt0055506,1961,P,UK,4,Westchester Films,NOT RATED,Drama,0,1,M,7.6
Mothra,tt0055198,1961,F,Japan,0,Sony Pictures Entertainment,PASSED,Fantasy,0,0,M,6.6
Mysterious Island,tt0055207,1961,F,UK,0,Columbia Pictures,APPROVED,Adventure,0,2,M,6.8
"Trial of Joan of Arc, The",tt0059616,1962,F,France,0,Criterion Collection,N/A,Drama,0,1,M,7.6
Lawrence of Arabia,tt0056172,1962,F,UK,0,Columbia Pictures,PG,Adventure,0,2,M,8.3
"Move Over, Darling",tt0057329,1963,P,USA,2,20th Century Fox,APPROVED,Comedy,2,4,M,7.0
Lord of the Flies,tt0057261,1963,F,UK,0,Criterion Collection,NOT RATED,Adventure,0,1,M,7.0
"Sword in the Stone, The",tt0057546,1963,F,USA,0,Buena Vista Pictures,G,Animation,0,0,M,7.2
Shock Corridor,tt0057495,1963,F,USA,0,Criterion Collection,NOT RATED,Drama,0,1,M,7.5
"Guest, The",tt0058164,1963,F,UK,0,N/A,N/A,Drama,0,1,M,7.3
"Servant, The",tt0057490,1963,P,UK,0,Rialto Pictures,UNRATED,Drama,0,1,M,7.9
Dr. Strangelove or: How I Learned to Stop Worrying and Love the Bomb,tt0057012,1964,F,USA,0,Sony Pictures,PG,Comedy,0,4,M,8.4
Woman in the Dunes,tt0058625,1964,F,Japan,1,Criterion Collection,NOT RATED,Drama,0,0,M,8.5
Onibaba,tt0058430,1964,F,Japan,2,Toho Company Ltd.,NOT RATED,Drama,0,0,M,8.0
King &amp; Country,tt0058263,1964,F,UK,0,Allied Artists Pictures,NOT RATED,Drama,0,2,M,7.6
Viva Las Vegas,tt0058725,1964,F,USA,0,MGM,APPROVED,Comedy,0,0,M,6.4
Gulliver&#39;s Travels Beyond the Moon,tt0059212,1965,F,Japan,0,N/A,N/A,Animation,0,1,M,6.7
Kapurush,tt0059348,1965,F,India,0,R.D.Banshal &amp; Co.,N/A,Drama,0,0,M,7.8
Inside Daisy Clover,tt0059314,1965,P,USA,0,Warner Bros.,APPROVED,Drama,0,2,M,6.3
How to Murder Your Wife,tt0058212,1965,F,USA,1,MGM Home Entertainment,APPROVED,Comedy,0,1,M,6.6
How to Steal a Million,tt0060522,1966,F,USA,3,20th Century Fox Film Corp.,APPROVED,Comedy,0,2,M,7.6
End of August at the Hotel Ozone,tt0061879,1966,P,Czechoslovakia,1,N/A,N/A,Drama,0,0,M,6.9
Georgy Girl,tt0060453,1966,P,UK,3,Columbia Pictures,APPROVED,Comedy,2,1,M,6.9
Blow-Up,tt0060176,1966,F,UK,0,MGM,NOT RATED,Drama,0,2,M,7.6
Return of Daimajin,tt0062852,1966,F,Japan,0,N/A,NOT RATED,Fantasy,0,0,M,6.3
La caza,tt0060223,1966,F,Spain,0,Trans Lux Inc.,N/A,Drama,0,1,M,7.7
Django,tt0060315,1966,F,Italy,0,Rialto Pictures,NOT RATED,Action,0,5,M,7.3
Daikaiju ketto: Gamera tai Barugon,tt0060446,1966,F,Japan,0,N/A,N/A,Action,0,0,M,4.5
Bonnie and Clyde,tt0061418,1967,P,USA,0,Warner Brothers/Seven Arts,R,Action,0,2,M,7.9
Wait Until Dark,tt0062467,1967,P,USA,2,Warner Home Video,NOT RATED,Horror,0,2,M,7.8
Elvira Madigan,tt0061620,1967,F,Sweden,0,Europa Film,PG,Biography,0,1,M,7.5
Asterix the Gaul (Asterix le Gaulois),tt0061369,1967,F,France,0,N/A,N/A,Animation,0,1,M,6.6
Daikaiju kuchusen: Gamera tai Gyaosu,tt0061695,1967,F,Japan,0,N/A,N/A,Action,0,0,M,4.5
Son of Godzilla,tt0061856,1967,F,Japan,0,Sony Pictures Home Entertainment,PG,Action,0,0,M,5.2
Asterix et Cleopatre,tt0062687,1968,F,France,0,N/A,N/A,Animation,0,3,M,7.2
"Producers, The",tt0063462,1968,F,USA,0,AVCO Embassy Pictures,PG,Comedy,0,0,M,7.7
Ice Station Zebra,tt0063121,1968,F,USA,0,MGM Home Entertainment,G,Adventure,0,2,M,6.6
Taiyo no oji: Horusu no daiboken,tt0063668,1968,F,Japan,1,MGM,NOT RATED,Animation,0,0,M,6.7
Head,tt0063049,1968,F,USA,0,Columbia Pictures,G,Comedy,0,1,M,6.6
Where Eagles Dare,tt0065207,1968,P,UK,0,MGM Home Entertainment,PG,Action,0,0,M,7.7
Il giorno della civetta,tt0063010,1968,F,Italy,0,N/A,M,Thriller,0,1,M,7.1
Downhill Racer,tt0064253,1969,F,USA,0,Paramount Pictures,M,Drama,0,1,M,6.5
Chastity,tt0064156,1969,F,USA,0,American International Pictures,R,Drama,0,1,M,5.0
Army of Shadows,tt0064040,1969,F,France,0,Rialto Pictures LLC.,NOT RATED,Drama,0,1,M,8.2
"Godzilla&#39;s Revenge (Godzilla, Minira, Gabara: All Monsters Attack)",tt0064373,1969,F,Japan,0,Sony Pictures Entertainment,G,Action,0,0,M,3.9
"Boys in the Band, The",tt0065488,1970,F,USA,0,Hollywood Classics,R,Drama,0,0,M,7.7
Colossus: The Forbin Project,tt0064177,1970,F,USA,0,MCA Universal Home Video,M,Sci-Fi,0,1,M,7.2
Waterloo,tt0066549,1970,F,Italy,0,Columbia Pictures,G,Action,0,0,M,7.3
Death in Venice,tt0067445,1971,F,Italy,0,WARNER BROTHERS PICTURES,GP,Drama,0,1,M,7.5
Duel,tt0067023,1971,F,USA,0,Universal Pictures,PG,Action,0,2,M,7.7
THX 1138,tt0066434,1971,F,USA,1,Warner Bros. Pictures,R,Drama,0,3,M,6.8
Butterflies Are Free,tt0068326,1972,P,USA,2,Sony Pictures Entertainment,PG,Comedy,0,2,M,7.2
State of Siege,tt0070959,1972,F,France,0,Dieter Geissler Filmproduktion,NOT RATED,Drama,0,2,M,7.9
Lemora: A Child&#39;s Tale Of The Supernatural,tt0070300,1973,P,USA,3,Synapse Films,PG,Fantasy,0,2,M,6.5
Jesus Christ Superstar,tt0070239,1973,F,USA,0,Universal Studios,G,Drama,0,0,M,7.3
Papillon,tt0070511,1973,F,France,0,Twentieth Century Fox Home Entertainment,R,Biography,0,2,M,8.0
Godzilla vs. Megalon,tt0070122,1973,F,Japan,0,Toho Company,NOT RATED,Action,0,0,M,4.6
"Baby, The",tt0069754,1973,P,USA,2,Scotia International,PG,Horror,0,0,M,6.1
Turkish Delight,tt0070842,1973,P,Netherlands,0,Cinemation Industries,R,Drama,0,1,M,7.2
Foxy Brown,tt0071517,1974,P,USA,2,MGM Home Entertainment,R,Action,0,1,M,6.5
Dracula,tt0070003,1974,P,UK,2,N/A,TV-14,Horror,0,1,M,6.4
"Parallax View, The",tt0071970,1974,F,USA,0,Paramount Pictures,R,Drama,0,2,M,7.2
Phantom of the Paradise,tt0071994,1974,F,USA,2,Fox,PG,Comedy,0,1,M,7.4
Dark Star,tt0069945,1974,F,USA,0,Jack H. Harris Enterprises Inc,G,Comedy,0,1,M,6.4
A boy and His Dog,tt0072730,1975,F,USA,0,eRealBiz,R,Comedy,0,0,M,6.6
"Story of O, The",tt0073115,1975,P,France,2,Phaedra Cinema,NC-17,Drama,1,1,M,5.4
Carrie,tt0074285,1976,P,USA,6,United Artists,R,Horror,0,2,M,7.4
"Omen, The",tt0075005,1976,P,UK,0,20th Century Fox,R,Horror,0,1,M,7.6
Sparkle,tt0075249,1976,P,USA,1,Warner Home Video,PG,Drama,0,2,M,7.1
"Many Adventures of Winnie the Pooh, The",tt0076363,1977,F,USA,0,Walt Disney Productions,G,Animation,0,7,M,7.6
Eraserhead,tt0074486,1977,F,USA,0,Libra Films,NOT RATED,Horror,0,1,M,7.4
"36 Crazy Fists, The",tt0076661,1977,F,Hong Kong,0,MoMedia,R,Action,0,0,M,5.3
Damnation Alley,tt0075909,1977,F,USA,0,Twentieth Century Fox,PG,Sci-Fi,0,3,M,5.2
Quel maledetto treno blindato,tt0076584,1978,F,Italy,0,Severin Films,R,Action,1,3,M,6.6
"Shout, The",tt0078259,1978,F,UK,1,RCA/Columbia,R,Horror,0,2,M,6.8
Midnight Express,tt0077928,1978,F,UK,0,Sony Pictures Home Entertainment,R,Biography,0,3,M,7.6
I Spit on Your Grave,tt0077713,1978,F,USA,1,Anchor Bay Entertainment,R,Horror,0,0,M,5.7
"Hound of the Baskervilles, The",tt0076161,1978,P,UK,0,Atlantic Releasing Corporation,NOT RATED,Comedy,0,3,M,4.6
Dawn of the Dead,tt0077402,1978,F,USA,0,United Film Distribution Compa,UNRATED,Horror,0,1,M,8.0
"Black Hole, The",tt0078869,1979,F,USA,0,Walt Disney Productions,PG,Action,0,1,M,5.9
L&#39;hypothese du tableau vole,tt0077707,1979,F,France,0,N/A,N/A,Drama,0,1,M,7.6
Nosferatu the Vampyre,tt0079641,1979,F,West Germany,1,20th Century Fox,PG,Horror,0,0,M,7.6
Cruising,tt0080569,1980,F,West Germany,0,Warner Bros.,R,Crime,0,2,M,6.4
"Blue Lagoon, The",tt0080453,1980,F,USA,0,Sony Pictures Entertainment,R,Adventure,0,2,M,5.7
Heaven&#39;s Gate,tt0080855,1980,F,USA,0,MGM/UA,R,Adventure,0,1,M,6.8
Atlantic City,tt0080388,1980,P,France,1,Paramount Home Video,R,Crime,0,1,M,7.4
"Ninth Configuration, The",tt0081237,1980,F,USA,0,Warner Bros.,R,Comedy,0,2,M,7.2
"Final Countdown, The",tt0080736,1980,F,USA,0,Live Home Video,PG,Action,0,6,M,6.7
Star Wars: Episode V - The Empire Strikes Back,tt0080684,1980,F,USA,0,Twentieth Century Fox,PG,Action,0,2,M,8.8
"King and the Mockingbird, The",tt0079820,1980,F,France,0,Rialto Pictures,NOT RATED,Animation,0,1,M,8.0
Halloween II,tt0082495,1981,P,USA,1,Universal Pictures,R,Horror,0,1,M,6.6
...E tu vivrai nel terrore! L&#39;aldila (The Beyond),tt0082307,1981,P,Italy,2,Rolling Thunder,R,Horror,0,0,M,6.9
"Howling, The",tt0082533,1981,P,USA,0,MGM Home Entertainment,R,Horror,0,2,M,6.6
Escape from New York,tt0082340,1981,F,UK,0,MGM Home Entertainment,R,Action,0,2,M,7.2
Southern Comfort,tt0083111,1981,F,USA,0,20th Century Fox Film Corporation,R,Action,0,3,M,7.2
My Dinner With Andre,tt0082783,1981,F,USA,0,New Yorker Films,PG,Biography,0,1,M,7.8
La fuga de Segovia,tt0082424,1981,F,Spain,0,N/A,N/A,Crime,0,0,M,6.6
Sophie&#39;s Choice,tt0084707,1982,P,UK,0,Twentieth Century Fox Home Entertainment,R,Drama,0,2,M,7.6
Forbidden World,tt0083959,1982,P,USA,0,New World Pictures,R,Horror,0,0,M,5.3
"Thing, The",tt0084787,1982,F,USA,0,Universal Pictures,R,Horror,0,1,M,8.1
"Secret of NIMH, The",tt0084649,1982,P,USA,3,United Artists,G,Animation,0,4,M,7.6
First Blood,tt0083944,1982,F,USA,0,Orion Pictures,R,Action,0,3,M,7.7
Frances,tt0083967,1982,P,USA,2,LionsGate Entertainment,R,Biography,0,3,M,7.4
TRON,tt0084827,1982,F,USA,0,Buena Vista Pictures,PG,Action,0,2,M,6.8
Banana Joe,tt0082045,1982,F,Italy,0,Derby Cinematografica,N/A,Action,0,2,M,6.4
"Ladies and Gentlemen, the Fabulous Stains",tt0082639,1982,P,USA,3,Paramount Pictures,R,Comedy,1,0,M,6.9
Breathless,tt0085276,1983,F,USA,0,Orion Pictures Corporation,R,Action,0,0,M,5.8
Go for It,tt0085601,1983,F,Italy,0,Lionsgate Films,N/A,Action,0,1,M,7.2
Merry Christmas Mr Lawrence,tt0085933,1983,F,UK,0,Image Entertainment,R,Drama,0,1,M,7.3
El Norte,tt0085482,1983,P,UK,0,Criterion Collection,R,Drama,1,1,M,7.7
Silkwood,tt0086312,1983,P,USA,1,20th Century Fox,R,Biography,2,0,M,7.2
Jaws 3-D,tt0085750,1983,P,USA,0,MCA Universal Home Video,PG,Adventure,0,3,M,3.6
Another Country,tt0086904,1984,F,UK,0,Orion Classics,PG,Biography,0,2,M,7.1
Love Streams,tt0087644,1984,P,USA,0,MGM Home Entertainment,PG-13,Drama,0,1,M,7.8
Starman,tt0088172,1984,F,USA,1,Columbia Pictures,PG,Romance,0,1,M,7.0
Beverly Hills Cop,tt0086960,1984,F,USA,0,Paramount Pictures,R,Action,0,2,M,7.3
What Have I Done to Deserve This?,tt0088461,1984,P,Spain,2,N/A,NOT RATED,Comedy,0,1,M,7.2
A Soldier&#39;s Story,tt0088146,1984,F,USA,0,Sony Pictures Home Entertainment,PG,Crime,0,2,M,7.2
Friday the 13th Part IV: The Final Chapter,tt0087298,1984,P,USA,0,Paramount Home Video,R,Horror,0,3,M,6.0
Godzilla 1985,tt0087344,1984,F,Japan,0,Toho Company,PG,Action,1,0,M,6.2
"Silent Night, Deadly Night",tt0088117,1984,P,USA,1,TriStar Pictures,R,Horror,0,2,M,5.9
Enemy Mine,tt0089092,1985,F,USA,0,20th Century Fox,PG-13,Action,0,1,M,6.9
Night on the Galactic Railroad,tt0089206,1985,F,Japan,0,N/A,N/A,Animation,0,0,M,7.2
Angel&#39;s Egg,tt0208502,1985,F,Japan,1,N/A,N/A,Animation,0,0,M,7.7
Fandango,tt0089126,1985,F,USA,0,Warner Home Video,PG,Comedy,0,1,M,6.7
Rambo: First Blood Part II,tt0089880,1985,F,USA,0,TriStar Pictures,R,Action,0,3,M,6.4
Ladyhawke,tt0089457,1985,F,USA,0,20th Century Fox,PG-13,Adventure,0,3,M,7.0
"Transformers: The Movie, The",tt0092106,1986,F,USA,0,De Laurentiis Entertainment Gr,PG,Animation,0,0,M,7.3
"Mission, The",tt0091530,1986,F,UK,0,Warner Home Video,PG,Adventure,0,1,M,7.5
Kin-Dza-Dza,tt0091341,1986,F,Soviet Union,0,N/A,N/A,Comedy,0,0,M,8.2
An American Tail,tt0090633,1986,P,USA,0,Universal Pictures,G,Animation,0,3,M,6.9
Pirates,tt0091757,1986,F,France,0,Cannon Film Distributors,PG-13,Adventure,0,2,M,6.1
Asterix in Britain (Asterix chez les Bretons),tt0090667,1986,F,France,0,Gaumont International,NOT RATED,Animation,0,2,M,7.1
Ruthless People,tt0091877,1986,P,USA,1,Buena Vista Pictures,R,Comedy,0,1,M,6.9
Stand By Me,tt0092005,1986,F,USA,0,MCA Universal Home Video,R,Adventure,0,2,M,8.1
"Name Of The Rose, The",tt0091605,1986,F,Italy,0,Nelson Entertainment,R,Crime,0,2,M,7.8
Swimming to Cambodia,tt0094089,1987,F,USA,0,Cinecom Pictures,R,Comedy,0,0,M,7.7
Raising Arizona,tt0093822,1987,P,USA,0,20th Century Fox,PG-13,Comedy,0,2,M,7.4
Wings of Desire,tt0093191,1987,F,West Germany,0,Criterion Collection,PG-13,Drama,0,1,M,8.1
Evil Dead II,tt0092991,1987,P,USA,0,Rosebud Communications Releasing,R,Comedy,0,2,M,7.8
"Wonderful Wizard of Oz, The",tt0098675,1987,P,Canada,2,Lightyear Entertainment,N/A,Animation,0,0,M,7.7
Predator,tt0093773,1987,F,USA,0,20th Century Fox,R,Action,0,1,M,7.8
Ngati,tt0093615,1987,P,New Zealand,0,Pacific Film,N/A,Drama,0,0,M,7.5
Full Metal Jacket,tt0093058,1987,F,UK,0,Warner Bros.,R,Drama,0,2,M,8.3
Hellraiser,tt0093177,1987,P,UK,2,New World Video,R,Horror,0,0,M,7.0
"Chipmunk Adventure, The",tt0092752,1987,P,USA,0,Lorimar Home Video,G,Animation,0,1,M,7.2
Wong gok ka moon,tt0096461,1988,F,Hong Kong,0,In-Gear Film,NOT RATED,Crime,0,1,M,7.1
Coming to America,tt0094898,1988,P,USA,2,Paramount Pictures,R,Comedy,0,2,M,7.0
Working Girl,tt0096463,1988,P,USA,4,20th Century Fox,R,Comedy,0,1,M,6.8
Killer Klowns from Outer Space,tt0095444,1988,F,USA,0,MGM,PG-13,Comedy,0,2,M,6.1
Gakk&ocirc; no kaidan G,tt0330312,1988,F,Japan,0,N/A,N/A,Horror,0,0,M,7.5
L&#39;etudiante,tt0096523,1988,P,France,3,N/A,NOT RATED,Comedy,0,0,M,5.6
Satisfaction,tt0096037,1988,P,USA,0,Twentieth Century Fox Home Entertainment,PG-13,Comedy,0,1,M,4.8
Poltergeist III,tt0095889,1988,P,USA,2,MGM Home Entertainment,PG-13,Horror,0,2,M,4.6
Scooby-Doo and the Ghoul School,tt0189071,1988,P,USA,0,WARNER BROTHERS PICTURES,NOT RATED,Animation,0,1,M,7.0
They Live,tt0096256,1988,F,USA,0,MCA/Universal Pictures,R,Action,0,2,M,7.3
Rock &#39;n&#39; Roll Mom,tt0096001,1988,P,USA,0,,Unrated,Adventure,0,0,M,5.9
Grave of the Fireflies,tt0095327,1988,F,Japan,0,Shinchosha Company,NOT RATED,Animation,0,0,M,8.5
"Honey, I Shrunk the Kids",tt0097523,1989,P,USA,1,Disney,PG,Adventure,0,1,M,6.3
Shag,tt0098300,1989,P,UK,3,HBO Video,PG,Comedy,0,2,M,6.3
Shirley Valentine,tt0098319,1989,P,UK,4,Paramount Home Video,R,Comedy,0,0,M,7.2
Wild Orchid,tt0100934,1989,P,USA,0,MGM Home Entertainment,R,Drama,1,0,M,4.6
National Lampoon&#39;s Christmas Vacation,tt0097958,1989,P,USA,0,Warner Bros. Pictures,PG-13,Comedy,0,1,M,7.6
Dead Calm,tt0097162,1989,F,Australia,1,Warner Home Video,R,Horror,0,2,M,6.8
Uncle Buck,tt0098554,1989,P,USA,2,MCA Universal Home Video,PG,Comedy,0,1,M,7.0
Nikita,tt0100263,1990,P,France,0,Samuel Goldwyn Films,R,Action,0,0,M,7.4
An Angel at My Table,tt0099040,1990,P,New Zealand,2,Criterion Collection,R,Biography,2,0,F,7.6
"Godfather: Part III, The",tt0099674,1990,P,USA,0,Paramount Pictures,R,Crime,0,2,M,7.6
Dragon Ball Z: Bardock - The Father of Goku,tt0142245,1990,F,Japan,0,N/A,NOT RATED,Animation,1,0,M,8.0
Miller&#39;s Crossing,tt0100150,1990,F,USA,0,20th Century Fox,R,Crime,0,2,M,7.8
Flatliners,tt0099582,1990,P,USA,0,Sony Pictures Home Entertainment,R,Drama,0,1,M,6.6
Qin yong,tt0098147,1990,P,Hong Kong,0,N/A,N/A,Adventure,0,0,M,6.9
Dark Angel (I Come in Peace),tt0099817,1990,F,USA,0,Media Home Entertainment,R,Action,0,2,M,6.1
Mermaids,tt0100140,1990,P,USA,2,Orion Home Video,PG-13,Comedy,1,0,M,6.6
Strangers in Good Company,tt0102993,1990,P,Canada,1,National Film Board of Canada,PG,Drama,2,1,F,7.8
"Nasty Girl (Das schreckliche M&auml;dchen), The",tt0100557,1990,P,West Germany,3,Miramax,PG-13,Comedy,0,1,M,7.4
"Russia House, The",tt0100530,1990,F,USA,0,MGM Home Entertainment,R,Drama,0,1,M,6.1
I Hired a Contract Killer,tt0099818,1990,F,Finland,0,N/A,NOT RATED,Comedy,0,1,M,7.3
Toy Soldiers,tt0103112,1991,F,USA,0,Sony Pictures Home Entertainment,R,Action,0,3,M,6.5
Hudson Hawk,tt0102070,1991,P,USA,0,TriStar Pictures,R,Action,0,4,M,5.8
Life Stinks,tt0102303,1991,F,USA,0,MGM,PG-13,Comedy,0,4,M,5.8
Riff-Raff,tt0100491,1991,F,UK,0,Parallax Pictures,UNRATED,Comedy,0,0,M,7.1
Closet Land,tt0101597,1991,F,USA,1,Media Home Entertainment,R,Drama,0,0,M,7.2
Salmonberries,tt0102829,1991,P,Germany,3,Wolfe Video,R,Drama,0,1,M,6.3
Point Break,tt0102685,1991,F,Japan,0,Twentieth Century Fox Home Entertainment,R,Action,0,0,F,7.2
"Object of Beauty, The",tt0102573,1991,P,UK,0,Live Home Video,R,Comedy,0,1,M,5.7
Defending Your Life,tt0101698,1991,P,USA,0,Warner Home Video,PG,Comedy,0,1,M,7.3
Europa,tt0101829,1991,F,Spain,0,Criterion Collection,R,Drama,0,0,M,7.7
"Linguini Incident, The",tt0102313,1991,P,USA,0,Academy Entertainment,R,Comedy,0,1,M,6.4
Hachi-gatsu no rapusodi,tt0101991,1991,P,Japan,0,N/A,PG,Drama,1,0,F,7.3
JFK,tt0102138,1991,P,France,0,Warner Bros.,R,Drama,0,2,M,8.0
City Slickers,tt0101587,1991,P,USA,0,Columbia Pictures,PG-13,Comedy,0,0,M,6.7
Alien 3,tt0103644,1992,F,USA,3,Twentieth Century Fox Home Entertainment,R,Action,0,5,M,6.4
Baraka,tt0103767,1992,F,USA,0,Magidson Films,NOT RATED,Documentary,1,2,M,8.6
Straight Talk,tt0105481,1992,P,USA,3,Hollywood Pictures,PG,Comedy,1,2,M,5.7
Reservoir Dogs,tt0105236,1992,F,USA,0,Miramax Films,R,Crime,0,3,M,8.3
Glengarry Glen Ross,tt0104348,1992,F,USA,0,Artisan Home Entertainment,R,Crime,0,2,M,7.8
Aladdin,tt0103639,1992,F,USA,1,Buena Vista Distribution Compa,G,Animation,1,13,M,8.0
Split Second,tt0105459,1992,F,UK,0,HBO Video,R,Action,0,1,M,6.2
Dragon Inn,tt0105859,1992,P,Hong Kong,0,Tai Seng,N/A,Action,0,0,M,7.3
Sister Act 2: Back in the Habit,tt0108147,1993,P,USA,0,Buena Vista,PG,Comedy,0,2,M,5.5
Cannibal! The Musical,tt0115819,1993,F,USA,0,Troma,R,Biography,0,1,M,7.2
Indien,tt0107214,1993,F,Austria,0,N/A,N/A,Comedy,0,3,M,7.9
Ruby in Paradise,tt0108000,1993,P,USA,3,October Films,R,Drama,1,1,M,7.1
Demolition Man,tt0106697,1993,F,USA,0,Warner Home Video,R,Action,0,5,M,6.6
"Princess and the Cobbler, The",tt0112389,1993,F,UK,0,Miramax,G,Animation,2,8,M,7.1
What&#39;s Love Got to Do with It,tt0108551,1993,P,USA,2,Touchstone Pictures,R,Biography,1,0,M,7.3
Sonatine,tt0108188,1993,F,Japan,0,Miramax,R,Action,0,0,M,7.6
"Evil Cult, The",tt0108624,1993,P,Hong Kong,0,N/A,N/A,Action,0,1,M,6.4
Searching for Bobby Fischer,tt0108065,1993,F,USA,0,Paramount Home Video,PG,Biography,0,1,M,7.5
"Heroic Trio, The",tt0105619,1993,P,Hong Kong,0,Tai Seng,R,Action,0,1,M,6.6
Batman: Mask of the Phantasm,tt0106364,1993,F,USA,0,WARNER BROTHERS PICTURES,PG,Animation,0,5,M,7.9
Point of No Return/The Assassin,tt0107843,1993,P,USA,1,Warner Home Video,R,Action,1,1,M,6.0
What&#39;s Eating Gilbert Grape,tt0108550,1993,P,USA,1,Paramount Pictures,PG-13,Drama,0,2,M,7.8
Farewell My Concubine,tt0106332,1993,F,China,0,Miramax,R,Drama,0,0,M,8.1
Umi ga kikoeru,tt0108432,1993,P,Japan,1,GKIDS,PG-13,Animation,0,0,M,6.9
Short Cuts,tt0108122,1993,P,USA,0,Fine Line Features,R,Comedy,0,3,M,7.7
Indecent Proposal,tt0107211,1993,F,USA,1,Paramount Home Video,R,Drama,1,1,M,5.9
Reality Bites,tt0110950,1994,P,USA,1,MCA Universal Home Video,PG-13,Comedy,1,0,M,6.6
Oleanna,tt0110722,1994,F,UK,1,Hallmark Entertainment,NOT RATED,Drama,0,2,M,6.7
I.Q.,tt0110099,1994,F,USA,0,Paramount Home Video,PG,Comedy,0,3,M,6.2
Street Fighter,tt0111301,1994,P,Japan,0,MCA Universal Home Video,PG-13,Action,0,1,M,3.9
"Return of Jafar, The",tt0107952,1994,F,USA,0,Buena Vista Pictures,G,Animation,0,6,M,5.9
No Escape,tt0110678,1994,F,USA,0,HBO Video,R,Action,0,3,M,6.1
"Shadow, The",tt0111143,1994,F,USA,0,Universal Pictures,PG-13,Action,0,2,M,6.0
Ed Wood,tt0109707,1994,P,USA,0,Buena Vista Pictures,R,Biography,0,2,M,7.9
"Adventures of Priscilla, Queen of the Desert, The",tt0109045,1994,P,Australia,1,Fox Home Entertainment,R,Comedy,0,0,M,7.5
Death and the Maiden,tt0109579,1994,F,UK,2,Fine Line Features,R,Drama,2,3,M,7.3
Kan du vissla Johanna?,tt0110236,1994,F,Sweden,0,N/A,N/A,Family,0,0,M,6.6
Beverly Hills Cop III,tt0109254,1994,F,USA,0,Paramount Home Video,R,Action,0,2,M,5.5
Before Sunrise,tt0112471,1995,F,USA,1,Sony Pictures Home Entertainment,R,Drama,0,1,M,8.1
Pocahontas,tt0114148,1995,P,USA,1,Buena Vista Distribution Compa,G,Animation,0,15,M,6.7
Dead Presidents,tt0112819,1995,P,USA,0,Hollywood Pictures,R,Action,0,4,M,6.9
Sabrina,tt0114319,1995,P,Germany,1,Paramount,PG,Comedy,1,5,F,6.3
Four rooms,tt0113101,1995,P,USA,0,Miramax Films,R,Comedy,1,2,F,6.7
La Haine,tt0113247,1995,F,France,0,Criterion Collection,NOT RATED,Crime,0,0,M,8.1
Persuasion,tt0114117,1995,P,UK,2,Sony Pictures Home Entertainment,PG,Drama,1,1,M,7.7
"American President, The",tt0112346,1995,P,USA,0,Columbia Pictures,PG-13,Comedy,0,1,M,6.8
"Langoliers, The",tt0112040,1995,P,USA,0,,PG-13,Horror,0,0,M,6.1
K&ocirc;kaku kid&ocirc;tai (Ghost in the Shell),tt0113568,1995,F,Japan,1,Palm Pictures,NOT RATED,Animation,0,0,M,8.0
Tommy Boy,tt0114694,1995,P,USA,0,Paramount Home Video,PG-13,Adventure,0,1,M,7.1
Welcome to the Discworld,tt0313773,1996,F,UK,0,N/A,N/A,Short,0,1,M,7.0
Sabrina the Teenage Witch,tt0117534,1996,P,USA,4,Hallmark Entertainment,PG,Comedy,2,1,M,6.3
"Quest, The",tt0117420,1996,F,USA,0,MCA Universal Home Video,PG-13,Action,0,3,M,5.6
Sonic the Hedgehog: The Movie,tt0237765,1996,F,Japan,0,ADV Films,NOT RATED,Animation,1,1,M,6.6
Hard Eight,tt0119256,1996,F,USA,0,MGM,R,Crime,0,1,M,7.3
Emma,tt0116191,1996,P,UK,1,A&amp;E Television Networks,PG,Comedy,1,1,M,6.7
Fly Away Home,tt0116329,1996,P,USA,1,Columbia TriStar,PG,Adventure,0,1,M,6.8
Waiting for Guffman,tt0118111,1996,P,USA,0,Sony Pictures Classics,R,Comedy,0,2,M,7.6
Big Night,tt0115678,1996,P,USA,0,Samuel Goldwyn Films,R,Drama,0,2,F,7.3
James and the Giant Peach,tt0116683,1996,P,UK,0,Buena Vista Pictures,PG,Animation,0,2,M,6.7
Libertarias,tt0113649,1996,P,Spain,3,N/A,N/A,Drama,0,3,M,7.1
Connie Gomper &amp; the Pack,tt0377683,1996,F,USA,0,N/A,N/A,N/A,0,0,M,8.6
Pusher,tt0117407,1996,F,Denmark,0,N/A,NOT RATED,Crime,0,1,M,7.4
Down Periscope,tt0116130,1996,F,USA,0,Twentieth Century Fox Home Entertainment,PG-13,Comedy,0,3,M,6.1
I Shot Andy Warhol,tt0116594,1996,P,UK,3,Hallmark Entertainment,R,Biography,1,2,F,6.6
Foxfire,tt0116353,1996,P,USA,0,Rysher Entertainment,R,Drama,2,0,M,6.2
Broken Arrow,tt0115759,1996,F,USA,0,Twentieth Century Fox Home Entertainment,R,Action,0,1,M,6.0
"Craft, The",tt0115963,1996,P,USA,0,Sony Pictures Home Entertainment,R,Drama,0,3,M,6.3
"Crucible, The",tt0115988,1996,P,USA,2,Fox,PG-13,Drama,0,2,M,6.8
Entertaining Angels: The Dorothy Day Story,tt0116212,1996,P,USA,3,Paulist Productions,PG-13,Biography,0,1,M,6.3
Event Horizon,tt0119081,1997,P,UK,0,Paramount Home Video,R,Horror,0,1,M,6.7
"Devil&#39;s Advocate, The",tt0118971,1997,P,USA,0,Warner Home Video,R,Drama,0,3,F,7.5
"Winter Guest, The",tt0120521,1997,P,UK,3,Fine Line Features,R,Drama,0,1,M,7.1
Pooh&#39;s Grand Adventure: The Search for Christopher Robin,tt0119918,1997,F,USA,0,Buena Vista Worldwide Home Entertainment,G,Animation,0,1,M,7.1
Good Will Hunting,tt0119217,1997,F,USA,0,Miramax Films,R,Drama,0,1,M,8.3
"Lost World: Jurassic Park, The",tt0119567,1997,P,USA,0,Universal Pictures,PG-13,Action,0,2,M,6.5
Chun gwong cha sit (Happy Together),tt0118845,1997,F,Hong Kong,0,Kino on Video,N/A,Drama,0,0,M,7.8
Dantes Peak,tt0118928,1997,P,USA,0,Universal Pictures,PG-13,Action,1,0,M,5.9
"House of Yes, The",tt0119324,1997,P,USA,3,Miramax,R,Comedy,1,1,M,6.7
Grosse Pointe Blank,tt0119229,1997,P,USA,0,Buena Vista Internationa,R,Action,0,2,M,7.4
Turbo: A Power Rangers Movie,tt0120389,1997,P,USA,0,Fox,PG,Action,0,0,M,3.5
Lost in Space,tt0120738,1998,P,USA,0,New Line Home Entertainment,PG-13,Action,0,0,M,5.1
Dancing at Lughnasa,tt0120643,1998,P,Ireland,0,Sony Pictures Classics,PG,Drama,0,3,M,6.3
Safe Men,tt0120813,1998,F,USA,0,Universal Pictures,R,Comedy,0,1,M,6.0
Scooby-Doo on Zombie Island,tt0166792,1998,P,USA,0,WARNER BROTHERS PICTURES,TV-G,Animation,0,5,M,7.8
Antz,tt0120587,1998,P,USA,0,Dreamworks,PG,Animation,0,3,M,6.6
Smoke Signals,tt0120321,1998,P,Canada,0,Miramax Films,PG-13,Comedy,0,0,M,7.2
"X Files, The",tt0120902,1998,P,USA,0,Twentieth Century Fox Home Entertainment,PG-13,Drama,0,3,M,7.0
Practical Magic,tt0120791,1998,P,USA,0,Warner Bros. Pictures,PG-13,Comedy,1,1,M,6.2
Vampires (John Carpenter&#39;s),tt0120877,1998,F,USA,0,Columbia Pictures,R,Action,0,1,M,6.1
Following,tt0154506,1998,F,UK,0,IFC,R,Crime,0,1,M,7.6
Saving Private Ryan,tt0120815,1998,F,USA,0,Paramount Pictures,R,Drama,0,1,M,8.6
Happiness,tt0147612,1998,P,USA,0,Trimark Pictures,UNRATED,Comedy,0,1,M,7.8
Star Trek: Insurrection,tt0120844,1998,P,USA,0,Paramount Pictures,PG,Action,0,2,M,6.4
Star Wars: Episode I - The Phantom Menace,tt0120915,1999,P,USA,0,20th Century Fox,PG,Action,0,1,M,6.5
Dogma,tt0120655,1999,P,USA,0,Lions Gate,R,Adventure,0,1,M,7.3
"Talented Mr. Ripley, The",tt0134119,1999,P,USA,0,Paramount Pictures,R,Crime,1,1,M,7.4
Jawbreaker,tt0155776,1999,P,USA,0,Columbia TriStar,R,Comedy,0,1,M,5.5
"Sixth Sense, The",tt0167404,1999,P,USA,0,Hollywood/Buena Vista,PG-13,Drama,0,0,M,8.1
"Boondock Saints, The",tt0144117,1999,F,USA,0,Indican,R,Action,0,1,M,7.8
"Iron Giant, The",tt0129167,1999,F,USA,0,Warner Bros. Pictures,PG,Animation,0,2,M,8.0
Bicentennial Man,tt0182789,1999,P,USA,0,Buena Vista Pictures,PG,Comedy,0,4,M,6.9
Wives and Daughters,tt0215364,1999,P,UK,3,,TV-PG,Drama,0,0,M,8.2
Election,tt0126886,1999,P,USA,0,Paramount Pictures,R,Comedy,0,1,M,7.3
"Big Kahuna, The",tt0189584,1999,F,USA,0,Lions Gate Films,R,Drama,0,2,M,6.6
Anywhere But Here,tt0149691,1999,P,USA,2,Twentieth Century Fox Home Entertainment,PG-13,Comedy,0,1,M,6.2
Snatch.,tt0208092,2000,F,UK,0,Columbia Pictures,R,Comedy,0,0,M,8.3
Gladiator,tt0172495,2000,F,USA,0,Dreamworks Distribution LLC,R,Action,0,4,M,8.5
Batman Beyond: Return of the Joker,tt0233298,2000,P,USA,0,Warner Home Video,PG-13,Animation,0,3,M,7.8
Sakuya: yokaiden,tt0282936,2000,P,Japan,1,N/A,N/A,Family,0,0,M,5.3
Pay it Foward,tt0223897,2000,P,USA,0,Warner Bros. Pictures,PG-13,Drama,2,0,M,7.2
Red Planet,tt0199753,2000,F,USA,0,Warner Bros.,PG-13,Action,0,1,M,5.7
Romeo Must Die,tt0165929,2000,F,USA,1,Warner Home Video,R,Action,0,3,M,6.1
"Tigger Movie, The",tt0220099,2000,F,USA,0,Buena Vista,G,Animation,0,1,M,6.3
Dinosaur,tt0130623,2000,P,USA,0,Buena Vista,PG,Animation,2,8,M,6.5
"Man Who Cried, The",tt0206917,2000,P,UK,1,Universal Focus,R,Drama,0,0,M,6.2
"Road to El Dorado, The",tt0138749,2000,F,USA,0,Dreamworks,PG,Animation,0,1,M,6.9
"Whole Nine Yards, The",tt0190138,2000,P,USA,1,Warner Home Video,R,Comedy,0,1,M,6.7
Mission: Impossible II,tt0120755,2000,F,USA,0,Vanguard,PG-13,Action,0,3,M,6.1
"One, The",tt0267804,2001,F,USA,0,Columbia Pictures,PG-13,Action,0,1,M,5.9
Black Hawk Down,tt0265086,2001,F,USA,0,Sony Pictures,R,Drama,0,1,M,7.7
Impostor,tt0160399,2001,F,USA,0,Dimension Films,R,Drama,1,3,M,6.2
"51st State, The",tt0227984,2001,F,UK,0,Screen Gems,R,Action,0,0,M,6.3
Y tu mama tambien,tt0245574,2001,F,Mexico,1,IFC Films,R,Adventure,0,2,M,7.7
Spirited Away,tt0245429,2001,P,Japan,2,Walt Disney Pictures,PG,Animation,0,0,M,8.6
"Score, The",tt0227445,2001,F,USA,0,Paramount Pictures,R,Crime,0,2,M,6.8
Shaolin Soccer,tt0286112,2001,F,Hong Kong,0,Miramax Films,PG,Action,0,2,M,7.3
Serendipity,tt0240890,2001,P,USA,0,Miramax Films,PG-13,Comedy,0,1,M,6.9
Me Without You,tt0263725,2001,P,UK,0,Independent Distribution Partn,R,Drama,1,0,F,7.0
From Hell,tt0120681,2001,P,USA,0,20th Century Fox,R,Horror,0,4,M,6.8
Kairo,tt0286751,2001,P,Japan,0,Magnolia Pictures,R,Horror,0,0,M,6.6
Behind Enemy Lines,tt0159273,2001,F,USA,0,20th Century Fox,PG-13,Action,0,2,M,6.4
"Legend of Suriyothai, The",tt0290879,2001,P,Thailand,0,Sony Pictures Classics,R,Action,0,0,M,6.6
Bridget Jones&#39;s Diary,tt0243155,2001,P,UK,3,Miramax Films,R,Comedy,2,2,F,6.7
Samsara,tt0196069,2001,F,India,1,Miramax Films,R,Adventure,0,0,M,7.8
Along Came A Spider,tt0164334,2001,P,USA,1,Paramount Pictures,R,Drama,0,2,M,6.3
Below,tt0276816,2002,F,USA,0,Dimension Films,R,Horror,0,3,M,6.2
Real Women Have Curves,tt0296166,2002,P,USA,2,HBO Films,PG-13,Comedy,0,1,F,7.0
Ten,tt0301978,2002,P,Iran,2,Zeitgeist Films,NOT RATED,Drama,0,0,M,7.5
Gerry,tt0302674,2002,F,USA,0,FilmFour,R,Adventure,1,1,M,6.2
"Transporter, The",tt0293662,2002,F,France,0,Fox,PG-13,Action,0,1,M,6.8
"Good Girl, The",tt0279113,2002,P,USA,0,N/A,R,Drama,0,1,M,6.4
"Scorpion King, The",tt0277296,2002,F,USA,1,Universal Pictures,PG-13,Action,0,5,M,5.5
"Vagina Monologues, The",tt0244283,2002,F,USA,1,HBO Video,TV-MA,Comedy,1,0,F,6.3
Time Changer,tt0295725,2002,F,USA,0,Time Changer Productions,PG,Drama,0,0,M,5.4
"Powerpuff Girls, The",tt0289408,2002,P,USA,0,Warner Bros. Pictures,PG,Animation,5,7,M,6.5
Barbie as Rapunzel,tt0313255,2002,F,USA,2,F.H.E.,UNRATED,Animation,0,0,M,6.3
High Crimes,tt0257756,2002,P,USA,2,N/A,PG-13,Crime,1,1,M,6.3
"Hours, The",tt0274558,2002,P,USA,1,Miramax Films,PG-13,Drama,0,2,M,7.6
Dog Soldiers,tt0280609,2002,F,UK,0,Artisan Home Entertainment,R,Action,0,1,M,6.8
Naqoyqatsi,tt0145937,2002,F,USA,0,Miramax Films,PG,Documentary,0,0,M,6.6
Ying xiong (Hero),tt0299977,2002,P,China,0,N/A,PG-13,Action,0,0,M,7.9
Moonlight Mile,tt0179098,2002,P,USA,1,Touchstone Pictures,PG-13,Drama,0,0,M,6.7
S1m0ne,tt0258153,2002,P,USA,0,New Line Cinema,PG-13,Comedy,0,1,M,6.1
I&#39;m with Lucy,tt0282593,2002,F,USA,1,Sony Pictures Home Entertainment,R,Comedy,0,1,M,6.0
"Core, The",tt0298814,2003,P,USA,0,Paramount Pictures,PG-13,Action,0,2,M,5.5
Tough Luck,tt0376263,2003,F,USA,1,Millennium Media Services,R,Thriller,0,1,M,6.4
Interstella 5555: The 5tory of the 5ecret 5tar 5ystem,tt0368667,2003,F,Japan,0,N/A,NOT RATED,Animation,0,1,M,7.9
Uptown Girls,tt0263757,2003,P,USA,3,Metro-Goldwyn-Mayer,PG-13,Comedy,3,0,M,6.1
"Best of Youth, The",tt0346336,2003,P,Italy,0,Miramax Films,R,Drama,0,0,M,8.5
Scary Godmother: Halloween Spooktakular,tt0330859,2003,P,Canada,1,N/A,NOT RATED,Animation,0,1,M,6.9
Malibu Spring Break,tt0379363,2003,P,USA,0,New Gold Dream Pictures Inc.,NOT RATED,Comedy,0,1,M,2.1
Brother Bear,tt0328880,2003,F,USA,0,Buena Vista Pictures,G,Animation,0,11,M,6.8
Lost In Translation,tt0335266,2003,P,USA,1,Focus Features,R,Drama,1,0,F,7.8
"Last Samurai, The",tt0325710,2003,F,USA,0,Warner Bros. Pictures,R,Action,0,4,M,7.7
S.W.A.T.,tt0257076,2003,P,USA,0,Columbia Pictures,PG-13,Action,0,3,M,6.0
Daredevil,tt0287978,2003,F,USA,0,20th Century Fox,PG-13,Action,0,1,M,5.3
Mystic River,tt0327056,2003,P,USA,0,WB,R,Crime,0,2,M,8.0
Soldier&#39;s Girl,tt0324013,2003,P,USA,0,Bachrach/Gottlieb Productions,R,Biography,0,0,M,7.9
"League of Extraordinary Gentlemen, The",tt0311429,2003,F,USA,0,20th Century Fox,PG-13,Action,0,3,M,5.8
Stupeur et Tremblements,tt0318725,2003,P,France,4,The Cinema Guild,UNRATED,Comedy,0,0,M,7.1
Dies irae,tt0406709,2003,F,France,0,N/A,N/A,Comedy,0,0,M,8.3
Ong-bak,tt0368909,2003,F,Thailand,0,Magnolia Pictures,R,Action,0,0,M,7.2
Nothing,tt0298482,2003,F,Canada,0,MTI Home Video,R,Comedy,0,4,M,6.3
"Five Obstructions, The",tt0354575,2003,F,Denmark,0,Magnolia Pictures,UNRATED,Documentary,1,0,M,7.5
Voices of a Distant Star,tt0370754,2003,F,Japan,0,ADV Films,UNRATED,Animation,0,0,M,7.4
Dreamcatcher,tt0285531,2003,F,USA,0,Warner Bros. Pictures,R,Drama,0,3,M,5.5
Undead,tt0339840,2003,P,Australia,0,Lions Gate Films,R,Action,0,2,M,5.5
Before Sunset,tt0381681,2004,F,USA,0,Warner Independent Pictures,R,Drama,1,4,M,8.1
Bionicle 2: Legends of Metru Nui,tt0387658,2004,F,USA,0,Creative Capers Entertainment,PG,Animation,0,2,M,6.1
Tales From The Crapper,tt0338479,2004,P,USA,0,N/A,N/A,Horror,0,3,M,4.3
Banlieue 13,tt0414852,2004,F,France,0,Magnolia Pictures,R,Action,0,0,M,7.2
A Separate Peace,tt0328400,2004,F,Canada,0,Paramount Pictures,R,Drama,1,1,M,5.4
Closer,tt0376541,2004,P,USA,1,Sony Pictures,R,Drama,0,2,M,7.3
"Princess Diaries 2: Royal Engagement, The",tt0368933,2004,P,USA,1,Walt Disney Pictures [us],G,Comedy,1,0,M,5.8
Kung Fu Hustle,tt0373074,2004,F,Hong Kong,0,Sony Pictures Classics,R,Action,0,1,M,7.8
He Was Cool (Geunomeun meoshiteotda),tt0415819,2004,P,South Korea,3,N/A,N/A,Comedy,0,0,M,6.5
Flight of the Phoenix,tt0377062,2004,F,USA,0,20th Century Fox,PG-13,Action,0,3,M,6.1
"Passion of the Christ, The",tt0335345,2004,P,USA,0,Newmarket Film Group,R,Drama,0,0,M,7.2
9 Songs,tt0411705,2004,F,UK,0,Tartan Films (UK),NOT RATED,Drama,0,0,M,4.8
Nina,tt0399412,2004,P,Brazil,2,N/A,N/A,Drama,0,0,M,6.7
Dawn of the Dead,tt0363547,2004,P,USA,0,Universal Pictures,R,Action,0,2,M,7.3
A Cinderella Story,tt0356470,2004,P,USA,2,Warner Bros. Pictures,PG,Comedy,0,0,M,5.9
House of Voices (Saint Ange),tt0367000,2004,P,France,0,Universal Pictures,R,Drama,0,0,M,5.0
Tropical Malady,tt0381668,2004,F,Thailand,0,Ad Vitam,NOT RATED,Drama,0,0,M,7.3
Connie and Carla,tt0345074,2004,P,USA,0,Universal Pictures,PG-13,Comedy,1,0,M,6.3
"Perfect Score, The",tt0314498,2004,P,USA,0,Paramount Pictures,PG-13,Comedy,0,5,M,5.7
Yu-Gi-Oh!: The Movie,tt0403703,2004,F,Japan,0,Warner Bros. Pictures,PG,Animation,0,1,M,4.7
Adam&#39;s Apples,tt0418455,2005,F,Denmark,0,Outsider Pictures,R,Comedy,0,0,M,7.8
Charlie and the Chocolate Factory,tt0367594,2005,P,USA,0,Warner Bros. Pictures,PG,Adventure,0,1,M,6.7
"Ring Two, The",tt0377109,2005,P,USA,0,Dreamworks Distribution LLC,PG-13,Horror,0,0,M,5.4
Domino,tt0421054,2005,P,France,2,Maverick Entertainment,R,Action,0,3,M,6.0
"Sun, The",tt0439817,2005,F,Russia,0,Lorber Films,NOT RATED,Drama,0,1,M,7.4
Into Great Silence,tt0478160,2005,F,France,0,Zeitgeist Films,NOT RATED,Documentary,0,1,M,7.4
Zathura: A Space Adventure,tt0406375,2005,F,USA,0,Sony Pictures,PG,Action,0,3,M,6.2
Kingdom of Heaven,tt0320661,2005,F,USA,0,20th Century Fox,R,Action,0,1,M,7.2
Angel-A,tt0473753,2005,F,France,1,Sony Pictures Classics,R,Comedy,0,0,M,7.1
Conversations with Other Women,tt0435623,2005,F,UK,1,Fabrication Films,R,Comedy,1,0,M,7.1
"Amityville Horror, The",tt0384806,2005,P,USA,0,MGM,R,Drama,1,3,M,6.0
Fun with Dick and Jane,tt0369441,2005,P,USA,0,Columbia Pictures,PG-13,Comedy,0,6,M,6.1
"Fog, The",tt0432291,2005,P,USA,0,Sony Pictures Classics,PG-13,Horror,0,2,M,3.6
Me and You and Everyone We Know,tt0415978,2005,P,USA,0,IFC Films,R,Comedy,1,0,F,7.3
Gespenster,tt0419773,2005,P,Germany,1,N/A,N/A,Drama,0,1,M,6.9
"Call of Cthulhu, The",tt0478988,2005,F,USA,0,HPLHS Motion Pictures,N/A,Fantasy,0,1,M,7.3
Funky Forest: The First Contact,tt0451829,2005,P,Japan,0,Naisu no mori Seisaku Iinkai,N/A,Comedy,0,0,M,6.9
Grey&#39;s Anatomy,tt0413573,2005,F,USA,0,,TV-14,Drama,0,0,M,7.6
Monster-in-Law,tt0369735,2005,F,Germany,2,New Line Cinema,PG-13,Comedy,1,0,M,5.5
Joyeux No&euml;l,tt0424205,2005,F,France,0,Sony Pictures Classics,PG-13,Drama,0,1,M,7.8
"Illusionist, The",tt0443543,2006,F,USA,1,Yari Film Group,PG-13,Drama,0,2,M,7.6
"Pursuit of Happyness, The",tt0454921,2006,F,USA,0,Sony Pictures,PG-13,Biography,0,1,M,8.0
"Good Shepherd, The",tt0343737,2006,F,USA,0,Universal Pictures,R,Drama,0,1,M,6.7
"Holiday, The",tt0457939,2006,P,USA,1,Sony Pictures,PG-13,Comedy,1,0,F,6.9
Step Up,tt0462590,2006,P,USA,0,Buena Vista,PG-13,Crime,1,0,F,6.5
Happy Feet,tt0366548,2006,P,USA,0,Warner Bros. Pictures,PG,Animation,0,3,M,6.5
Kamome Diner,tt0483022,2006,P,Japan,3,Media Suits,N/A,Comedy,0,0,M,7.2
Arthur and the Invisibles,tt0344854,2006,F,France,0,MGM,PG,Animation,0,1,M,6.0
Paprika,tt0851578,2006,P,Japan,0,Sony Pictures Classics,R,Animation,0,0,M,7.7
Another Gay Movie,tt0443431,2006,P,USA,0,TLA Releasing,NOT RATED,Comedy,0,2,M,5.0
&quot;Masters of Horror&quot; Imprint,tt0757061,2006,F,USA,1,,N/A,N/A,0,0,M,7.0
Tenacious D in the Pick of Destiny,tt0365830,2006,F,USA,0,New Line Cinema,R,Adventure,0,3,M,6.8
&quot;Masters of Horror&quot; The V Word,tt0817401,2006,F,Canada,0,,N/A,N/A,0,0,M,5.1
Farval Falkenberg,tt0855805,2006,F,Sweden,0,N/A,N/A,Drama,0,0,M,6.6
Avenue Montaigne,tt0444112,2006,P,France,6,ThinkFilm,PG-13,Comedy,0,1,M,6.8
Smokin&#39; Aces,tt0475394,2006,P,UK,0,Universal Pictures,R,Action,0,1,M,6.7
Psych,tt0491738,2006,P,USA,0,,TV-PG,Comedy,0,1,M,8.4
Elephants Dream,tt0807840,2006,F,Netherlands,0,N/A,N/A,Animation,0,2,M,5.7
On the Trail of Igor Rizzi,tt0832958,2006,F,Canada,1,N/A,N/A,Comedy,0,0,M,6.2
Sherrybaby,tt0423169,2006,P,USA,1,N/A,R,Drama,0,0,M,6.6
Monmon the Water Spider,tt0768132,2006,F,Japan,1,N/A,N/A,Animation,0,0,M,7.8
"Barbie Diaries, The",tt0795338,2006,P,USA,3,LionsGate Entertainment,N/A,Animation,2,0,M,5.5
&quot;Masters of Horror&quot; Sounds Like,tt0817400,2006,F,Canada,0,,TV-MA,Horror,0,1,M,6.2
Inside Man,tt0454848,2006,P,USA,0,Universal Pictures,R,Crime,0,1,M,7.6
Monster House,tt0385880,2006,P,USA,0,Sony Pictures Releasing,PG,Animation,1,0,M,6.6
Penelope,tt0472160,2006,P,UK,2,Summit Entertainment,PG,Comedy,1,0,M,6.8
Hogfather,tt0765458,2006,P,UK,0,RHI Entertainment,N/A,Adventure,0,1,M,7.6
Madea&#39;s Family Reunion,tt0455612,2006,F,USA,4,Lionsgate,PG-13,Comedy,0,2,M,5.1
Peliculas para no dormir: Para entrar a vivir,tt0477311,2006,P,Spain,0,N/A,NOT RATED,Horror,0,1,M,6.3
Peliculas para no dormir: La culpa,tt0449144,2006,P,Spain,6,N/A,N/A,Drama,0,1,M,5.0
Harry Potter and the Order of the Phoenix,tt0373889,2007,P,UK,0,Warner Bros. Pictures,PG-13,Adventure,0,1,M,7.5
Towelhead,tt0787523,2007,P,USA,3,Warner Independent,R,Drama,1,1,M,7.0
Auf der anderen Seite,tt0880502,2007,P,Germany,1,Strand,NOT RATED,Drama,0,0,M,7.8
Wool 100%,tt0884819,2007,P,Japan,0,Cinema Epoch,N/A,Animation,0,0,M,6.5
I Am Legend,tt0480249,2007,P,USA,0,Warner Bros. Pictures,PG-13,Drama,1,3,M,7.2
"Man from London, The",tt0415127,2007,P,Hungary,0,IFC Films,N/A,Crime,0,0,M,7.2
Becoming Jane,tt0416508,2007,P,UK,1,Miramax Films,PG,Biography,2,1,M,7.1
Beaufort,tt0758732,2007,F,Israel,0,Kino International,UNRATED,Action,0,1,M,6.8
Across the Universe,tt0445922,2007,P,USA,1,Sony,PG-13,Drama,1,2,F,7.4
Death at a Funeral,tt0795368,2007,P,USA,0,N/A,R,Comedy,0,1,M,7.4
3:10 to Yuma,tt0381849,2007,F,USA,0,Lionsgate Films,R,Action,0,2,M,7.7
Brooklyn Rules,tt0283503,2007,P,USA,0,City Lights Pictures,R,Crime,0,0,M,6.4
Fermat&#39;s Room,tt1016301,2007,F,Spain,0,Notro Films,N/A,Mystery,0,2,M,6.7
Hitman,tt0465494,2007,F,France,0,Peace Arch Films,R,Action,0,0,M,6.3
Lucky Blue,tt0971205,2007,F,Sweden,0,N/A,N/A,Short,0,0,M,6.7
"Kite Runner, The",tt0419887,2007,F,USA,0,Paramount Vantage,PG-13,Drama,0,1,M,7.6
How About You,tt0887745,2007,P,Ireland,2,Strand Releasing,NOT RATED,Comedy,1,1,M,6.9
Mr. Magorium&#39;s Wonder Emporium,tt0457419,2007,F,USA,1,20th Century Fox,G,Comedy,0,0,M,6.2
We Are the Strange,tt0923985,2007,F,USA,0,eOne Entertainment Distribution,NOT RATED,Animation,0,0,M,5.5
There Will Be Blood,tt0469494,2007,F,USA,0,Paramount Vantage,R,Drama,0,1,M,8.1
Transmorphers,tt0960835,2007,P,USA,0,Uncorkd Entertainment,PG-13,Action,0,0,M,1.7
Ninas Mal,tt0806940,2007,P,Mexico,0,Sony Pictures International,R,Comedy,1,2,M,5.4
Black Water,tt0816436,2007,P,Australia,0,GGrindstone Entertainment Group,R,Action,0,2,M,6.0
Enchanted,tt0461770,2007,P,USA,1,Walt Disney Pictures,PG,Animation,0,0,M,7.1
Disturbia,tt0486822,2007,P,USA,0,Dreamworks,PG-13,Crime,0,3,M,6.9
Timecrimes,tt0480669,2007,F,Spain,0,Magnolia Pictures,R,Horror,0,0,M,7.2
Sword of the Stranger,tt1121794,2007,P,Japan,0,Shochiku Company,NOT RATED,Animation,0,0,M,7.8
Welcome to the Quiet Room,tt0997174,2007,P,Japan,1,N/A,N/A,Comedy,0,0,M,7.2
Vacancy,tt0452702,2007,F,USA,0,Sony Screen Gems,R,Crime,0,1,M,6.2
Blades of Glory,tt0445934,2007,P,USA,0,Paramount Pictures,PG-13,Comedy,0,3,M,6.3
Cafe com Leite,tt1166805,2007,F,Brazil,0,N/A,NOT RATED,Short,0,1,M,6.7
Est&ocirc;mago,tt1039960,2007,F,Brazil,0,ABC Distribution,N/A,Drama,0,1,M,7.8
"Lucky Ones, The",tt0981072,2008,P,USA,0,Lionsgate,R,Comedy,0,1,M,7.0
Waltz with Bashir,tt1185616,2008,F,Israel,0,Sony Pictures Classics,R,Animation,0,1,M,8.0
35 Shots of Rum,tt1100048,2008,P,France,1,Cin√©art,UNRATED,Drama,1,0,F,7.1
Fly Me to the Moon,tt0486321,2008,F,Belgium,0,Summit Entertainment,G,Animation,0,0,M,4.5
Older Than America,tt0932669,2008,P,USA,4,Older Than America,N/A,Drama,1,0,M,5.6
Fanboys,tt0489049,2008,F,USA,0,The Weinstein Co.,PG-13,Adventure,0,3,M,6.6
Okuribito (Departures),tt1069238,2008,P,Japan,0,Regent Releasing,PG-13,Drama,0,0,M,8.1
Phoebe in Wonderland,tt1034325,2008,P,USA,3,ThinkFilm,PG-13,Drama,0,1,M,7.2
Pontypool,tt1226681,2008,F,Canada,0,IFC Entertainment,NOT RATED,Fantasy,0,2,M,6.6
"Edge of Love, The",tt0819714,2008,P,UK,1,Capitol Films,R,Biography,1,0,M,6.3
Hunger,tt0986233,2008,F,Ireland,0,IFC Films,NOT RATED,Biography,0,1,M,7.6
"Chaser, The",tt1190539,2008,F,South Korea,1,IFC Films,NOT RATED,Action,0,0,M,7.9
"Dark Knight, The",tt0468569,2008,P,USA,0,Warner Bros. Pictures/Legendary,PG-13,Action,0,4,M,9.0
Easy Virtue,tt0808244,2008,P,UK,2,Sony Pictures Classics,PG-13,Comedy,0,0,M,6.7
Camino,tt1206285,2008,P,Spain,1,N/A,N/A,Drama,0,1,M,7.6
Tropic Thunder,tt0942385,2008,F,USA,0,DreamWorks/Paramount Studios,R,Action,0,4,M,7.0
Inkheart,tt0494238,2008,P,Germany,4,Warner Bros. Pictures/New Line Cinema,PG,Adventure,0,1,M,6.1
Deadgirl,tt0896534,2008,F,USA,1,Dark Sky Films,R,Horror,0,1,M,5.7
Taken,tt0936501,2008,P,France,1,20th Century Fox,PG-13,Action,0,1,M,7.8
Hancock,tt0448157,2008,F,USA,0,Columbia Pictures,PG-13,Action,0,1,M,6.4
Princess: A Modern Fairtyale,tt1052352,2008,P,Canada,0,N/A,N/A,Comedy,1,0,M,5.6
Forgetting Sarah Marshall,tt0800039,2008,P,USA,3,Universal Pictures,R,Comedy,0,1,M,7.2
Baby Mama,tt0871426,2008,P,USA,3,Universal Pictures,PG-13,Comedy,0,1,M,6.0
One Million Yen Girl,tt1077094,2008,P,Japan,4,N/A,N/A,Drama,0,0,M,7.3
Dr. Horrible&#39;s Sing-Along Blog,tt1227926,2008,F,USA,0,,TV-PG,Comedy,0,0,M,8.6
Last Chance Harvey,tt1046947,2008,P,USA,2,Overture Films,PG-13,Drama,0,1,M,6.7
Sparrow,tt0491044,2008,F,Hong Kong,0,Videorama,N/A,Drama,0,0,M,6.7
Rambo,tt0462499,2008,F,Germany,0,Lionsgate,R,Action,0,1,M,7.0
Kataude mashin garu,tt1050160,2008,P,Japan,1,Media Blasters,NOT RATED,Action,0,0,M,5.9
Outpost,tt0892899,2008,F,UK,0,Screen Gems,R,Action,0,2,M,5.9
"Gamers: Dorkness Rising, The",tt0447166,2008,P,USA,0,N/A,N/A,Action,0,0,M,7.5
"Secret Life of Bees, The",tt0416212,2008,P,USA,4,Fox Searchlight,PG-13,Drama,1,0,F,7.3
Alice,tt1461312,2009,P,UK,0,,NOT RATED,Adventure,0,0,M,7.3
Push,tt0465580,2009,P,USA,1,Summit Entertainment,PG-13,Action,0,1,M,6.1
Princess Protection Program,tt1196339,2009,P,USA,1,Walt Disney Studios Home Entertainment,TV-G,Comedy,2,1,F,5.7
Tournament,tt0471041,2009,F,UK,0,The Weinstein Co.,R,Action,0,3,M,6.1
Perrier&#39;s Bounty,tt1003034,2009,F,Ireland,0,IFC Films,R,Action,0,1,M,6.4
Lesbian Vampire Killers,tt1020885,2009,P,UK,1,Momentum Pictures,R,Action,0,1,M,5.1
Veronika Decides to Die,tt1068678,2009,P,USA,1,Entertainment One Films,R,Drama,0,1,F,6.5
"Boondock Saints II: All Saints Day, The",tt1300851,2009,F,USA,0,Apparition,R,Action,1,3,M,6.3
Madea Goes to Jail,tt1142800,2009,F,USA,1,Lionsgate,PG-13,Comedy,0,2,M,4.3
Love Takes Wing,tt1269560,2009,P,USA,2,LG Films,TV-PG,Family,1,0,M,6.9
Antichrist,tt0870984,2009,F,Denmark,0,IFC Films,NOT RATED,Drama,0,0,M,6.6
Thirst (Bakjwi),tt0762073,2009,P,South Korea,0,Focus Features,R,Drama,0,0,M,7.2
Case 39,tt0795351,2009,P,USA,3,Paramount Studios,R,Horror,0,1,M,6.2
Lebanon,tt1483831,2009,F,Israel,0,Sony Classic Pictures,R,Drama,0,1,M,6.9
"Slammin&#39; Salmon, The",tt1135525,2009,P,USA,0,Anchor Bay Films,R,Comedy,0,5,M,6.5
Carriers,tt0806203,2009,P,USA,0,Paramount Vantage,PG-13,Drama,0,1,M,6.0
"Taking of Pelham 123, The",tt1111422,2009,F,USA,0,Sony/Columbia Pictures,R,Action,0,2,M,6.4
In the Loop,tt1226774,2009,P,UK,0,IFC,NOT RATED,Comedy,0,5,M,7.5
Il richiamo,tt1463167,2009,P,Argentina,0,N/A,N/A,Drama,1,0,M,6.2
"Men Who Stare at Goats, The",tt1234548,2009,F,USA,0,Overture Films,R,Comedy,0,2,M,6.2
Armored,tt0913354,2009,F,USA,0,Sony/Screen Gems,PG-13,Action,0,1,M,5.7
Opie Gets Laid,tt0446043,2009,P,USA,0,N/A,N/A,Comedy,0,1,M,6.5
Big Font. Large Spacing,tt1479163,2009,P,UK,0,N/A,N/A,Comedy,0,1,M,8.0
"Cry of the Owl, The",tt1034302,2009,F,UK,1,Myriad Pictures,R,Drama,2,1,F,6.0
Little Girl,tt1426371,2009,P,Italy,5,First Run Features,N/A,Drama,0,0,M,7.2
Angels &amp; Demons,tt0808151,2009,F,USA,0,Sony/Columbia Pictures,PG-13,Mystery,0,1,M,6.7
Kaiji: The Ultimate Gambler,tt1309449,2009,F,Japan,0,N/A,N/A,Drama,0,0,M,6.5
"Horde, The",tt1183276,2009,F,France,0,IFC Films,NOT RATED,Action,0,2,M,5.9
Dogtooth,tt1379182,2009,P,Greece,0,Kino International,NOT RATED,Drama,0,0,M,7.3
Cairo Time,tt0896529,2009,P,Canada,0,IFC Films,PG,Drama,0,0,M,6.7
"Private Lives of Pippa Lee, The",tt1134629,2009,P,USA,1,Screen Media Films,R,Comedy,2,0,F,6.4
My Sister&#39;s Keeper,tt1078588,2009,P,USA,2,Warner Bros. Pictures,PG-13,Drama,0,2,M,7.4
Br&uuml;no,tt0889583,2009,F,USA,0,Universal Pictures,R,Comedy,0,3,M,5.8
X-Men Origins: Wolverine,tt0458525,2009,P,USA,0,20th Century Fox,PG-13,Action,0,1,M,6.6
"Maiden Heist, The",tt1107860,2009,F,USA,0,Yari Film Group,PG-13,Comedy,0,1,M,6.1
Dear Lemon Lima,tt1242423,2009,P,USA,1,Phase 4 Films,PG-13,Comedy,0,0,M,6.5
Redline,tt1483797,2009,P,Japan,0,Anchor Bay Entertainment,NOT RATED,Animation,0,0,M,7.5
"Descent: Part 2, The",tt1073105,2009,P,UK,1,Celador Films,R,Adventure,0,2,M,5.8
Solomon Kane,tt0970452,2009,P,Czech Republic,2,Radius-TWC,R,Action,0,1,M,6.1
Chohatsu Daikaiju Gehara,tt3671900,2009,F,Japan,0,N/A,N/A,Horror,0,0,M,7.0
Sorority Row,tt1232783,2009,P,USA,0,Summit Entertainment,R,Horror,0,2,M,5.2
Futurama: Into the Wild Green Yonder,tt1054487,2009,P,USA,0,Fox Home Entertainment,NOT RATED,Animation,0,2,M,7.3
Fruit Fly,tt1326221,2009,P,USA,4,TLA Releasing,N/A,Comedy,0,0,M,5.8
"Young Victoria, The",tt0962736,2009,P,UK,1,Apparition,PG,Biography,0,1,M,7.3
Orphan,tt1148204,2009,P,USA,3,Warner Bros. Pictures,R,Horror,0,2,M,7.0
9,tt0472033,2009,F,USA,0,Focus Features,PG-13,Animation,1,1,M,7.1
Echelon Conspiracy,tt1124039,2009,F,USA,0,AfterDark Films,PG-13,Action,0,3,M,5.8
"Hole, The",tt1085779,2009,P,USA,0,Hole LLC.,PG-13,Adventure,0,1,M,5.7
Exit Through the Gift Shop,tt1587707,2010,F,UK,0,Abarorama,R,Documentary,0,0,M,8.0
"Illusionist, The",tt0775489,2010,F,France,1,Sony Pictures Classics,PG,Animation,0,0,M,7.5
Essential Killing,tt1561768,2010,F,Poland,0,HanWay Films,R,Thriller,0,1,M,6.1
Megamind,tt1001526,2010,F,USA,0,Paramount Studios/DWA,PG,Animation,0,2,M,7.3
"Heavy, The",tt0473364,2010,F,UK,0,Heavy Productions,R,Thriller,0,1,M,5.0
BearCity,tt1426320,2010,F,USA,0,Cinedigm,NOT RATED,Comedy,0,2,M,6.0
Letters to Juliet,tt0892318,2010,P,USA,1,Summit Entertainment,PG,Adventure,0,1,M,6.6
Yogi Bear,tt1302067,2010,F,USA,0,Warner Bros. Pictures,PG,Animation,0,3,M,4.6
Book of Eli,tt1037705,2010,P,USA,0,Warner Bros. Pictures,R,Action,0,1,M,6.9
Majorite opprimee,tt1684911,2010,F,France,1,N/A,N/A,Short,0,0,M,6.9
West Is West,tt1441956,2010,P,UK,0,D Films,N/A,Comedy,0,0,M,6.5
Into Our Own Hands,tt1653853,2010,P,France,0,N/A,TV-G,Documentary,1,0,F,7.3
Restrepo,tt1559549,2010,F,USA,0,National Geographic,R,Documentary,0,0,M,7.5
R U There,tt1443518,2010,F,Netherlands,0,N/A,N/A,Drama,0,0,M,5.5
"Way Back, The",tt1023114,2010,F,USA,0,Newmarket Films LLC,PG-13,Adventure,0,2,M,7.3
Legion,tt1038686,2010,P,USA,1,Screen Gems,R,Action,0,2,M,5.2
Omae Umasou da na,tt1734113,2010,F,Japan,0,N/A,N/A,Animation,0,0,M,7.2
Burlesque,tt1126591,2010,P,USA,2,Sony Pictures/Screen Gems,PG-13,Drama,0,1,M,6.4
Faster,tt1433108,2010,F,USA,0,CBS Films,R,Action,0,2,M,6.5
"Good Witch&#39;s Gift, The",tt1560779,2010,P,Canada,0,Whizbang Films,TV-PG,Drama,0,0,M,7.3
"Clock, The",tt2008009,2010,P,UK,0,N/A,N/A,Documentary,0,1,M,9.0
Les emotifs anonymes,tt1565958,2010,P,France,1,Tribecca Films,PG-13,Comedy,0,0,M,6.9
"Way, The",tt1441912,2010,F,Spain,0,Icon Entertainment,PG-13,Adventure,0,2,M,7.4
Hunter Prey,tt1270291,2010,F,USA,0,N/A,N/A,Sci-Fi,0,1,M,5.8
Flipped,tt0817177,2010,P,USA,0,Warner Bros. Pictures,PG,Comedy,0,1,M,7.7
Frankie and Alice,tt1221208,2010,P,Canada,2,Code Black Entertainment,R,Biography,2,4,M,6.5
I Am Love,tt1226236,2010,P,Italy,5,Magnolia Pictures,R,Drama,1,4,M,7.1
Green Zone,tt0947810,2010,F,UK,0,Universal Pictures,R,Action,0,1,M,6.8
"Other Guys, The",tt1386588,2010,F,USA,0,Columbia Pictures,PG-13,Action,0,2,M,6.7
"Tourist, The",tt1243957,2010,F,USA,1,Columbia Pictures,PG-13,Action,0,2,M,6.0
"Debt, The",tt1226753,2010,P,USA,0,Focus Features,R,Drama,1,2,M,6.9
Catfish,tt1584016,2010,F,USA,2,Universal Pictures/Rogue,PG-13,Documentary,0,0,M,7.1
"Corridor, The",tt1602617,2010,F,Canada,0,Unknown,NOT RATED,Drama,0,1,M,4.8
Sound of Noise,tt1278449,2010,F,Sweden,0,Magnolia Pictures,R,Comedy,0,0,M,7.2
Howl,tt1049402,2010,F,USA,0,Oscilloscope Pictures,R,Biography,0,2,M,6.8
Confessions (Kokuhaku),tt1590089,2010,P,Japan,3,Toho Company,NOT RATED,Drama,0,0,M,7.8
Alice in Wonderland,tt1014759,2010,P,USA,4,Walt Disney Pictures,PG,Adventure,1,1,M,6.5
Wrecked,tt1316622,2010,F,USA,0,IFC Midnight,R,Adventure,0,1,M,5.3
Dear John,tt0989757,2010,F,USA,0,Screen Gems/SONY PICTURES,PG-13,Drama,1,2,M,6.3
Chasing Legends,tt1996211,2010,F,USA,0,Gripped Films,N/A,Documentary,0,1,M,7.7
Percy Jackson &amp; the Olympians: The Lightning Thief,tt0814255,2010,P,UK,0,20th Century Fox,PG,Adventure,0,1,M,5.9
Temple Grandin,tt1278469,2010,P,USA,1,Aviator Films,TV-PG,Biography,1,1,M,8.3
Rare Exports,tt1401143,2010,F,Finland,0,Oscilloscope Pictures,R,Adventure,0,0,M,6.7
Predators,tt1424381,2010,F,USA,0,20th Century Fox,R,Action,0,3,M,6.4
Don&#39;t Be Afraid of the Dark,tt1270761,2010,P,USA,4,Miramax Films,R,Fantasy,0,3,M,5.6
Ca$h,tt1106860,2010,F,USA,0,Roadside Attractions,R,Comedy,0,1,M,6.0
30 Days of Night: Dark Days,tt1320304,2010,P,USA,2,SPE Acquisitions,R,Horror,0,4,M,4.4
"Shunning, The",tt1561770,2011,P,USA,3,Sony Pictures Home Entertainment,NOT RATED,Drama,0,1,M,6.3
"Loneliest Planet, The",tt1695405,2011,F,USA,0,IFC Films,NOT RATED,Thriller,1,0,F,5.5
Phase 7,tt1568816,2011,F,Argentina,1,Collective,R,Sci-Fi,0,0,M,5.9
French Immersion,tt1674692,2011,P,Canada,0,N/A,N/A,Comedy,0,2,M,5.1
Age of the Dragons,tt1594917,2011,F,USA,0,Metrodome Films,PG-13,Action,1,0,F,3.4
Midnight in Paris,tt1605783,2011,P,Spain,0,Sony Pictures Classics,PG-13,Comedy,0,0,M,7.7
Coup d&#39;&eacute;clat,tt1900856,2011,P,France,3,N/A,N/A,Crime,1,2,M,5.4
From Prada to Nada,tt0893412,2011,P,Mexico,0,Lionsgate Films,PG-13,Comedy,1,2,F,5.5
Perfect Sense,tt1439572,2011,P,UK,0,IFC Films,R,Drama,0,0,M,7.1
Au cul du loup,tt1669794,2011,P,France,0,N/A,N/A,Drama,0,1,M,6.1
Jiro Dreams of Sushi,tt1772925,2011,F,USA,0,Magnolia Pictures,PG,Documentary,0,0,M,7.9
"Peace, Love, &amp; Misunderstanding",tt1649780,2011,P,USA,3,IFC Films,R,Comedy,1,1,M,5.9
Le Skylab,tt1638350,2011,P,France,0,N/A,N/A,Comedy,1,0,F,6.4
Codependent Lesbian Space Alien Seeks Same,tt1762248,2011,P,USA,1,N/A,N/A,Comedy,1,0,F,6.1
"Tree of Life, The",tt0478304,2011,F,USA,0,Fox Searchlight,PG-13,Drama,0,1,M,6.8
Jane Eyre,tt1229822,2011,P,UK,1,Focus Features,PG-13,Drama,1,0,M,7.4
Kiss Me,tt1859522,2011,P,Sweden,3,Wolfe Releasing,NOT RATED,Drama,0,0,M,6.9
"Thing, The",tt0905372,2011,P,USA,0,Universal Pictures,R,Horror,0,2,M,6.2
Detention,tt1701990,2011,P,USA,0,IDP Distribution,R,Comedy,0,2,M,5.8
"Eagle, The",tt1034389,2011,F,UK,0,Focus Features,PG-13,Action,1,1,M,6.2
I Am Nasrine,tt1440118,2011,P,UK,0,N/A,N/A,Drama,0,0,M,6.3
Jin ling shi san chai,tt1410063,2011,P,China,2,Wrekin Hill Entertainment,R,Drama,0,0,M,7.6
"Innkeepers, The",tt1594562,2011,P,USA,0,Magnolia Pictures,R,Drama,0,0,M,5.5
Dream House,tt1462041,2011,P,USA,0,Universal Pictures,PG-13,Drama,0,1,M,6.0
Black Gold,tt1701210,2011,F,France,0,Image Entertainment,R,Action,0,0,M,6.7
"Raid: Redemption, The",tt1899353,2011,F,Indonesia,0,Sony Pictures Classics,R,Action,0,0,M,7.6
Winnie the Pooh,tt1449283,2011,F,USA,0,Walt Disney Pictures,G,Animation,1,4,M,7.3
Hysteria,tt1435513,2011,P,UK,0,Sony Pictures Classics,R,Comedy,0,5,F,6.7
"Sunset Limited, The",tt1510938,2011,F,USA,0,HBO,TV-MA,Drama,0,0,M,7.4
&Aacute; annan veg,tt2009643,2011,F,Iceland,0,N/A,NOT RATED,Comedy,0,0,M,6.7
Exit Humanity,tt1781812,2011,P,Canada,0,Bloody Disgusting,NOT RATED,Drama,0,1,M,5.3
Killer Elite,tt1448755,2011,F,UK,0,Open Road Films,R,Action,0,0,M,6.5
Circumstance,tt1684628,2011,P,France,1,Roadside Attractions,R,Drama,0,0,M,5.9
Detachment,tt1683526,2011,P,USA,0,Tribeca Films,NOT RATED,Drama,0,1,M,7.7
A torinoi lo,tt1316540,2011,F,Hungary,0,Cinema Guild,NOT RATED,Drama,0,0,M,7.8
I Don&#39;t Know How She Does It,tt1742650,2011,P,USA,1,The Weinstein Co.,PG-13,Comedy,1,0,M,4.9
Albatross,tt1541149,2011,P,UK,0,Sundance Selects,NOT RATED,Drama,0,0,M,6.4
Haywire,tt1506999,2011,F,Ireland,1,Relativity Media,R,Action,0,0,M,5.8
Last Call at the Oasis,tt2043900,2011,P,USA,0,IDP/ATO,PG-13,Documentary,1,1,F,7.5
11 Flowers,tt2042432,2011,P,China,0,First Run Features,NOT RATED,Drama,0,0,M,7.1
Mildred Pierce,tt1492030,2011,P,USA,2,,TV-MA,Drama,0,0,M,7.7
Ghost Rider: Spirit of Vengeance,tt1071875,2011,F,USA,0,Sony Pictures,PG-13,Action,0,4,M,4.3
"Mechanic, The",tt0472399,2011,F,USA,0,CBS Films,R,Action,0,3,M,6.6
Footloose,tt1068242,2011,P,USA,0,Paramount Studios,PG-13,Comedy,0,3,M,5.9
A Lonely Place to Die,tt1422136,2011,P,UK,2,IFC Films,R,Adventure,0,2,M,6.3
Atlas Shrugged: Part I,tt0480239,2011,P,USA,0,Rocky Mountain Pictures,PG-13,Drama,0,2,M,5.7
Butter,tt1349451,2011,P,USA,3,Weinstein Company,R,Comedy,0,1,M,6.2
Courageous,tt1630036,2011,P,USA,0,Sony Pictures,PG-13,Drama,0,2,M,7.0
Toutes nos envies,tt1942120,2011,P,France,3,Mars Films,N/A,Drama,0,2,M,6.8
Croczilla,tt2354196,2012,F,China,0,Screen Media Films,PG-13,Action,0,0,M,4.3
A Late Quartet,tt1226240,2012,P,USA,0,Entertainment One,R,Drama,0,1,M,7.1
Best Man Down,tt1885300,2012,P,USA,0,Magnolia Pictures,PG-13,Comedy,0,0,M,6.4
Barbara,tt2178941,2012,P,Germany,0,Adopt Films,PG-13,Drama,0,1,M,7.2
Safety Not Guaranteed,tt1862079,2012,P,USA,0,Film District,R,Comedy,0,1,M,7.0
"Hobbit: An Unexpected Journey, The",tt0903624,2012,F,USA,0,Warner Bros.,PG-13,Adventure,0,2,M,7.9
Black Rock,tt1930294,2012,P,USA,0,LD Entertainment,R,Horror,1,1,F,4.8
End of Watch,tt1855199,2012,P,USA,0,Open Road Films,R,Action,0,1,M,7.6
Big Miracle,tt1430615,2012,P,USA,0,Universal Pictures,PG,Biography,0,3,M,6.5
Compliance,tt1971352,2012,P,USA,0,Magnolia Pictures,R,Biography,0,1,M,6.4
Vattnet,tt2509008,2012,F,Netherlands,0,N/A,N/A,Short,0,1,M,6.5
"Occupants, The",tt1976633,2012,F,Australia,0,N/A,N/A,Short,0,3,M,6.4
"Making of a Lady, The",tt2293276,2012,P,UK,4,N/A,TV-PG,Drama,2,0,M,6.7
Travelling Salesman,tt1801123,2012,F,USA,0,N/A,N/A,Drama,0,2,M,6.0
"Door, The",tt1194577,2012,P,Hungary,2,FilmArt Kft.,N/A,Drama,1,0,M,6.5
Tim and Eric&#39;s Billion Dollar Movie,tt1855401,2012,F,USA,0,Magnolia Pictures,R,Comedy,0,3,M,5.4
Kon-Tiki,tt1613750,2012,F,UK,0,The Weinstein Company,PG-13,Adventure,0,0,M,7.2
Comes a Bright Day,tt1900854,2012,F,UK,0,Strand Releasing,NOT RATED,Drama,0,1,M,6.1
Die Wand,tt1745686,2012,F,Austria,3,Music Box Films,NOT RATED,Drama,0,1,M,6.8
"Swing, The",tt2504614,2012,P,Serbia,0,N/A,N/A,Adventure,3,0,F,
Violine,tt2249628,2012,F,Germany,0,N/A,N/A,Short,0,1,M,7.0
Bindlestiffs,tt2091243,2012,P,USA,0,Slamdance,R,Comedy,0,4,M,4.5
Out in the Dark,tt2318625,2012,F,Israel,0,Breaking Glass Pictures,N/A,Drama,0,2,M,7.5
Mine Games,tt1928337,2012,P,USA,0,Phase 4 Films,TV-14,Horror,0,5,M,5.4
Pitch Perfect,tt1981677,2012,P,USA,1,Universal Studios,PG-13,Comedy,0,0,M,7.2
Frankenweenie,tt1142977,2012,F,USA,0,Walt Disney Pictures,PG,Animation,0,2,M,7.0
Fat Kid Rules the World,tt1995304,2012,F,USA,0,Outsider Pictures,R,Comedy,0,2,M,6.5
Smashed,tt2063781,2012,P,USA,1,Sony Pictures Classics,R,Drama,1,1,M,6.8
2 Days in New York,tt1602472,2012,P,France,0,Magnolia Pictures,R,Comedy,3,0,F,6.0
Savages,tt1615065,2012,P,USA,0,Universal Pictures,R,Crime,0,2,M,6.5
"Grey, The",tt1601913,2012,F,USA,0,Open Road Films,R,Action,0,3,M,6.8
Sightseers,tt2023690,2012,P,UK,0,IFC Films,NOT RATED,Adventure,2,1,M,6.5
"For a Good Time, Call...",tt1996264,2012,P,USA,0,Focus Features,R,Comedy,2,0,F,6.0
Neighboring Sounds,tt2190367,2012,P,Brazil,0,Cinema Guild,UNRATED,Drama,0,0,M,7.1
Ko-ri-a,tt2328503,2012,P,South Korea,0,CJ Entertainment,N/A,Drama,0,0,M,7.2
Why Stop Now?,tt1853643,2012,P,USA,2,IFC Films,R,Comedy,0,0,M,5.6
Tango libre,tt2370034,2012,F,France,4,Artemis Productions,N/A,Drama,1,0,M,6.2
Girls Und Panzer,tt2294076,2012,P,Japan,3,,TV-14,Animation,0,0,M,7.5
Inch&#39;Allah,tt2336960,2012,P,Canada,1,Entertainment One,R,Drama,0,0,M,6.9
"Key and the Frame, The",tt2601160,2012,P,USA,0,N/A,N/A,Short,0,1,M,
Bullet to the Head,tt1308729,2012,F,USA,0,Warner Bros. Pictures,R,Action,1,3,M,5.7
Morgana,tt2318360,2012,P,Mexico,1,N/A,N/A,Horror,0,0,M,3.7
Act of Valor,tt1591479,2012,F,USA,0,Relativity Media,R,Action,0,0,M,6.5
Goodbye,tt1926992,2012,P,Iran,0,N/A,N/A,Drama,0,1,M,7.2
Dead Man&#39;s Burden,tt2094155,2012,F,USA,0,Cinedigm,NOT RATED,Drama,0,1,M,5.5
Tears of Steel,tt2285752,2012,F,Netherlands,0,N/A,N/A,Short,0,1,M,5.6
"Guilt Trip, The",tt1694020,2012,P,USA,1,Paramount Pictures,PG-13,Comedy,0,0,F,5.8
Bletchley Circle,tt2275990,2012,P,UK,1,,N/A,Crime,0,0,M,8.0
Warpaint,tt3100510,2012,F,USA,0,N/A,N/A,Short,0,0,M,6.9
Heruta sukeruta,tt2147319,2012,P,Japan,6,N/A,N/A,Drama,0,0,M,6.4
La Venus a la fourrure,tt2406252,2013,F,France,1,IFC Films,NOT RATED,Drama,0,3,M,7.2
Wadjda,tt2258858,2013,P,Saudi Arabia,4,Sony Pictures Classics,PG,Comedy,0,0,M,7.6
Jack the Giant Slayer,tt1351685,2013,F,USA,0,Warner Bros.,PG-13,Adventure,0,4,M,6.3
"Conjuring, The",tt1457767,2013,P,USA,0,Warner Bros. Pictures,R,Horror,0,1,M,7.5
Nymphomaniac: Volume 2,tt2382009,2013,P,Denmark,2,Magnolia Pictures,NOT RATED,Drama,0,0,M,6.7
Frozen,tt2294629,2013,P,USA,3,Walt Disney Pictures,PG,Animation,2,2,M,7.5
Beneath,tt2991296,2013,F,USA,0,IFC Films,UNRATED,Adventure,0,2,M,5.5
Vivir es facil con los ojos cerrados,tt2896036,2013,F,Spain,0,Outsider Pictures,NOT RATED,Comedy,0,1,M,7.1
Ronny,tt2831440,2013,F,USA,0,N/A,NOT RATED,Short,0,2,M,6.5
Wetlands,tt2524674,2013,P,Germany,2,Strand Releasing,NOT RATED,Comedy,1,1,M,5.8
"Truth About Emanuel, The",tt1838520,2013,P,USA,4,Tribeca Films. Well Go USA,NOT RATED,Drama,3,0,F,6.0
Very Good Girls,tt1931602,2013,P,USA,0,Well Go USA,R,Drama,1,0,F,6.0
Coherence,tt2866360,2013,P,USA,0,Oscilloscope Pictures,NOT RATED,Horror,0,3,M,7.2
La jaula de oro,tt2042583,2013,F,Mexico,0,N/A,NOT RATED,Drama,0,2,M,7.7
A Field in England,tt2375574,2013,F,UK,0,Drafthouse Films,NOT RATED,Drama,1,0,M,6.3
Ang&eacute;lique,tt2776074,2013,P,France,4,N/A,N/A,Adventure,3,1,F,6.1
In Fear,tt2165859,2013,F,UK,0,Anchor Bay/Freestyle Releasing,R,Horror,0,2,M,5.5
Words and Pictures,tt2380331,2013,P,USA,0,Roadside Attractions,PG-13,Comedy,0,1,M,6.6
Hansel and Gretel Get Baked,tt2081194,2013,P,USA,4,Tribeca Films,TV-MA,Comedy,0,1,M,4.3
Sunshine on Leith,tt2481198,2013,P,UK,0,Orion Releasing LLC.,PG,Comedy,0,2,M,6.6
In a World...,tt2294677,2013,P,USA,1,Roadside Attractions,R,Comedy,0,0,M,6.7
Les Reines du Ring (English: Wrestling Queens),tt2330546,2013,P,France,1,N/A,NOT RATED,Comedy,1,4,M,5.5
"Day of the Doctor, The",tt2779318,2013,P,UK,0,,N/A,Adventure,0,3,M,9.4
"Congress, The",tt1821641,2013,P,Israel,3,Drafthouse Films,NOT RATED,Animation,0,1,M,6.5
Another Me,tt1816608,2013,P,UK,4,20th Century Fox,PG-13,Mystery,1,0,F,4.7
Are You Here,tt1545754,2013,P,USA,0,Millenium Entertainment,R,Comedy,0,1,M,5.3
Carrie,tt1939659,2013,P,USA,6,Sony Pictures,R,Drama,0,3,F,5.9
"Railway Man, The",tt2058107,2013,F,Switzerland,0,The Weinstein Company,R,Biography,0,3,M,7.1
Karlek deluxe,tt2792728,2013,P,Sweden,1,Eyeworks,N/A,Comedy,1,0,F,4.2
All is Lost,tt2017038,2013,F,USA,0,Lionsgate/Roadside Attractions,PG-13,Action,0,0,M,6.9
I Give it a Year,tt2244901,2013,P,UK,0,Magnolia Pictures,R,Comedy,0,0,M,5.7
Riddick,tt1411250,2013,F,USA,0,Universal Classics,R,Action,0,1,M,6.4
"Zero Theorem, The",tt2333804,2013,F,UK,0,Amplify Releasing,R,Comedy,0,1,M,6.1
Lost Angel,tt2796584,2013,F,USA,0,N/A,N/A,Short,0,2,M,5.0
Christmas in the City,tt3015110,2013,P,Canada,3,N/A,TV-PG,Drama,1,0,M,6.0
Nashorn im Galopp,tt2656122,2013,F,Germany,0,N/A,N/A,Animation,0,2,M,7.8
Dead Man Down,tt2101341,2013,P,USA,1,FilmDistrict,R,Action,0,0,M,6.5
"Boy and the World, The",tt3183630,2013,F,Brazil,0,GKIDS,PG,Animation,0,0,M,7.6
Admission,tt1814621,2013,P,USA,2,Focus Features,PG-13,Comedy,1,1,M,5.7
V/H/S/2,tt2450186,2013,P,USA,0,Magnet Releasing,R,Horror,1,4,M,6.1
Cutie and the Boxer,tt2355540,2013,F,USA,4,Radius,R,Documentary,0,1,M,7.2
Locke,tt2692904,2013,F,UK,0,A24 Films,R,Drama,0,1,M,7.1
Patema Inverted,tt2981768,2013,F,Japan,1,GKIDS,NOT RATED,Animation,0,1,M,7.4
Wastelands,tt2795478,2013,F,Netherlands,0,N/A,N/A,Short,0,1,M,6.0
Is the Man Who Is Tall Happy?,tt1817287,2013,F,France,0,IFC Films,NOT RATED,Documentary,0,0,M,7.1
Frankenstein&#39;s Army,tt1925435,2013,F,Netherlands,0,MPI Media Group,R,Horror,0,5,M,5.3
"Tale of The Princess Kaguya, The",tt2576852,2013,P,Japan,6,GKIDS,PG,Animation,0,0,M,8.1
"Expendables 3, The",tt2333784,2014,F,USA,0,Lionsgate Pictures,PG-13,Action,0,0,M,6.1
Moms&#39; Night Out,tt3014666,2014,P,USA,1,TriStar Pictures,PG,Comedy,1,1,M,5.5
Under the Skin,tt1441395,2014,F,Switzerland,2,A24,R,Drama,0,2,M,6.3
Lugen,tt2618500,2014,P,Germany,0,N/A,N/A,Comedy,1,0,F,4.8
"Monuments Men, The",tt2177771,2014,F,USA,0,Sony Pictures,PG-13,Comedy,0,3,M,6.1
"Two Days, One NIght",tt2737050,2014,P,Belgium,5,IFC Films,PG-13,Drama,0,0,M,7.4
Treehouse,tt1791681,2014,P,UK,0,Uncorkd Entertainment,N/A,Horror,0,2,M,3.9
Happy Christmas,tt2955096,2014,P,USA,3,Magnolia Pictures,R,Comedy,0,1,M,5.5
Ardor,tt1384925,2014,F,Argentina,1,Participant Media,R,Drama,0,1,M,5.1
Maps to the Stars,tt2172584,2014,P,Canada,0,Focus Features,R,Comedy,0,1,M,6.2
Starving in Suburbia,tt3257692,2014,P,USA,1,Indy Entertainment,TV-14,Biography,1,0,F,6.2
&#39;71,tt2614684,2014,F,UK,0,Roadside Attractions,R,Action,0,1,M,7.2
Lizzie Borden Took An Ax,tt3118958,2014,P,USA,1,Sony Pictures Entertainment,TV-14,Crime,0,1,M,5.8
Creep,tt2428170,2014,F,USA,0,Radius-TWC,R,Horror,0,2,M,6.3
Big Game,tt2088003,2014,F,UK,0,EuropaCorp,PG-13,Action,0,0,M,5.4
Near Death Experience,tt3800012,2014,F,France,0,N/A,N/A,Comedy,0,0,M,5.8
Aloft,tt2494384,2014,P,Spain,2,Sony Pictures Classics,R,Drama,1,0,F,5.3
I Call It Love,tt4211680,2014,F,Lebanon,0,Rajshri Media,N/A,Short,0,0,M,
"Lookalike, The",tt2497980,2014,P,USA,0,Well Go USA,NOT RATED,Crime,0,0,M,5.4
Brick Mansions,tt1430612,2014,P,France,0,Relativity Media,PG-13,Action,1,1,F,5.7
Queen,tt3322420,2014,P,India,2,Viva Entertainment,NOT RATED,Comedy,0,0,M,8.3
Effie Gray,tt1605798,2014,P,UK,0,Adopt Films,PG-13,Biography,1,0,M,5.9
Le Paradis,tt3971202,2014,F,France,0,N/A,N/A,N/A,0,0,M,6.4
Der kleine Drache Kokosnuss,tt3726220,2014,F,Germany,0,N/A,TV-G,Animation,0,1,M,4.7
Frozen in Time,tt4150316,2014,F,USA,0,N/A,G,Animation,1,0,M,6.0
Life Partners,tt2870808,2014,P,USA,0,Magnolia Pictures,R,Comedy,0,0,M,6.2
Let&#39;s Be Cops,tt1924435,2014,F,USA,0,20th Century Fox,R,Comedy,0,2,M,6.5
Mega Shark vs. Mecha Shark,tt3152098,2014,P,USA,0,Warner Home Video,NOT RATED,Action,0,1,M,2.6
Neighbors,tt2004420,2014,P,USA,0,Universal Pictures,R,Comedy,0,2,M,6.3
Still Alice,tt3316960,2014,P,USA,2,Sony Pictures Classics,PG-13,Drama,1,1,M,7.5
"Ich seh, Ich seh",tt3086442,2014,F,Austria,3,Radius-TWC,R,Horror,0,0,M,6.7
Mange tes morts,tt3720802,2014,F,France,0,Capricci Films,PG-13,Drama,0,1,M,6.5
Feher isten,tt2844798,2014,P,Hungary,4,Magnolia Pictures,R,Drama,0,0,M,6.9
Penguins of Madagascar,tt1911658,2014,F,USA,0,DreamWorks Animation,PG,Animation,0,7,M,6.7
Appropriate Behavior,tt3077108,2014,P,UK,2,Gravitas Ventures,NOT RATED,Comedy,1,0,F,6.6
Lavalantula,tt4060576,2015,P,USA,0,Cinetel Films,TV-14,Action,1,2,M,4.7
Les ogres,tt4466872,2015,P,France,0,N/A,N/A,Drama,1,1,M,7.1
Harter Brocken,tt3981858,2015,P,Germany,1,N/A,N/A,Crime,0,0,M,6.8
"Peanuts Movie, The",tt2452042,2015,P,USA,0,20th Century Fox,G,Animation,0,4,M,7.1
La Passion d&#39;Augustine,tt4392438,2015,P,Canada,2,N/A,N/A,Drama,2,0,M,7.3
Victor Frankenstein,tt1976009,2015,F,UK,0,Eclectic Pictures,PG-13,Drama,1,2,M,6.0
"Second Best Exotic Marigold Hotel, The",tt2555736,2015,P,UK,0,20th Century Fox,PG,Comedy,0,1,M,6.6
Invisible Sister,tt4420110,2015,P,USA,1,Disney Channel,TV-G,Adventure,2,2,M,6.3
"Meddler, The",tt4501454,2015,P,USA,3,N/A,PG-13,Comedy,0,0,M,6.3
"Lazarus Effect, The",tt2918436,2015,P,USA,0,N/A,PG-13,Horror,0,2,M,5.2
Emelie,tt4503598,2015,P,USA,1,Uncorked Productions,NOT RATED,Horror,0,3,M,5.4
AfterDeath,tt2710826,2015,P,UK,0,Acheron Films,N/A,Horror,0,2,M,4.0
brothers of the wind,tt3532278,2015,F,Austria,0,Epic Pictures,N/A,Adventure,0,1,M,6.8
"Liza, the fox fairy",tt2210769,2015,P,Hungary,3,N/A,N/A,Comedy,0,0,M,7.6
600 millas [600 Miles],tt3685622,2015,F,Mexico,0,Lucia Films,R,Drama,0,2,M,5.5
Evolution,tt4291590,2015,F,France,1,N/A,NOT RATED,Horror,0,0,M,6.0
After the Ball,tt3717016,2015,P,Canada,3,Pacific Northwest Pictures,NOT RATED,Comedy,4,3,M,5.9
Legend,tt3569230,2015,P,UK,0,Universal Studios,R,Biography,0,2,M,7.0
Testament of Youth,tt1441953,2015,P,UK,1,Sony Pictures Classics,PG-13,Biography,1,0,M,7.3
Mission: Impossible - Rogue Nation,tt2381249,2015,F,USA,0,Paramount Pictures,PG-13,Action,0,4,M,7.4
Aloha,tt1243974,2015,P,USA,0,Sony Pictures,PG-13,Comedy,1,1,F,5.4
Cinderella,tt1661199,2015,P,USA,3,Walt Disney Pictures,PG,Drama,0,2,M,6.9
Miles Ahead,tt0790770,2015,F,USA,0,N/A,R,Biography,0,4,M,6.4
Wo shi zheng ren,tt4979652,2015,F,China,1,N/A,N/A,Action,0,1,M,5.9
Maryland,tt4085084,2015,F,France,1,Scope Pictures,UNRATED,Drama,1,0,F,6.2
Point Break,tt2058673,2015,F,China,0,Warner Bros. Pictures,PG-13,Action,0,0,M,5.3
Stitcher,tt4858280,2015,F,Ireland,0,N/A,N/A,Short,0,0,M,
Uncanny,tt2321502,2015,F,USA,0,Accelerated Manner,NOT RATED,Drama,0,0,M,6.3
"Phoenix Project, The",tt3430042,2015,F,USA,0,FilmBuff,NOT RATED,Drama,0,1,M,4.2
Office,tt4392726,2015,P,China,0,N/A,N/A,Comedy,1,0,M,6.1
You&#39;re My Boss,tt4489160,2015,F,Philippines,3,N/A,TV-PG,Comedy,0,0,M,6.2
"Longest Ride, The",tt2726560,2015,P,USA,0,20th Century Fox,PG-13,Drama,0,2,M,7.1
"Case of Hana and Alice, The",tt4125300,2015,P,Japan,4,N/A,N/A,Animation,0,0,M,7.2
Sicario,tt3397884,2015,F,USA,0,Lionsgate,R,Action,1,1,M,7.6
Z for Zachariah,tt1598642,2015,F,Iceland,1,Roadside Attractions,PG-13,Drama,0,1,M,6.0
"Blackcoat&#39;s Daughter, The",tt3286052,2015,P,Canada,0,A24 and DIRECTV,R,Horror,0,0,M,5.9
"Danish Girl, The",tt0810819,2015,P,UK,0,Focus Features,R,Biography,0,1,M,7.1
Fantastic Four,tt1502712,2015,F,USA,0,20th Century Fox,PG-13,Action,0,4,M,4.3
Queen of Katwe,tt4341582,2016,P,USA,2,Walt Disney Studios,PG,Biography,0,1,F,7.4
Hated in the Nation,tt5709236,2016,P,UK,1,,N/A,Drama,1,1,M,8.6
House on Willow Street,tt4961380,2016,P,South Africa,4,N/A,UNRATED,Action,1,1,M,5.1
Norm of the North,tt1594972,2016,P,USA,0,Lionsgate,PG,Animation,0,3,M,3.6
Passengers,tt1355644,2016,F,USA,0,Columbia Pictures,PG-13,Drama,0,1,M,7.0
Everybody Wants Some,tt2937696,2016,F,USA,0,Paramount Pictures,R,Comedy,0,1,M,7.0
20th Century Women,tt4385888,2016,P,USA,2,A24 Films,R,Comedy,0,1,M,7.3
Almost Christmas,tt4649416,2016,P,USA,0,Will Packer Productions,PG-13,Comedy,0,1,M,6.1
Demain tout commence,tt5078204,2016,P,France,3,Vend√¥me Production,N/A,Comedy,1,3,M,7.4
Silence,tt0490215,2016,F,Mexico,0,Paramount Pictures,R,Adventure,0,2,M,7.2
Spa Night,tt5254640,2016,P,USA,0,Nonetheless Productions,UNRATED,Drama,0,1,M,5.8
"Girl on the Train, The",tt3631112,2016,P,USA,1,Universal Pictures,R,Crime,2,0,M,6.5
"Boss, The",tt2702724,2016,P,USA,3,Universal Pictures,R,Comedy,1,2,M,5.4
Free Fire,tt4158096,2016,F,UK,0,A24 Films,R,Action,1,1,M,6.4
A Dark Song,tt4805316,2016,F,Ireland,1,Samson Films,UNRATED,Drama,0,1,M,6.1
Approaching the Unknown,tt2674430,2016,F,USA,0,3311 Productions,R,Drama,0,2,M,4.8
Nowhere Boys: The Book of Shadows,tt4836736,2016,P,Australia,0,N/A,N/A,Drama,0,4,M,5.1
"Transfiguration, The",tt5039088,2016,F,USA,0,Transfiguration Prods.,NOT RATED,Drama,0,1,M,6.0
Final Fantasy XV,tt5595168,2016,P,Japan,0,Square Enix Company,PG-13,Animation,0,0,M,6.8
Pride and Prejudice and Zombies,tt1374989,2016,P,USA,0,Sony Pictures,PG-13,Action,1,1,M,5.8
Resident Evil: The Final Chapter,tt2592614,2016,P,UK,0,Sony Pictures,R,Action,0,1,M,5.6
"Great Wall, The",tt2034800,2016,F,USA,0,Universal Pictures,PG-13,Action,0,5,M,6.0
Ice Age: Collision Course,tt3416828,2016,P,USA,0,20th Century Fox,PG,Animation,1,2,M,5.7
Petersburg: a selfie,tt5789664,2016,P,Russia,0,N/A,N/A,Comedy,4,0,M,5.9
magnificent 7,tt2404435,2016,F,USA,0,Sony Pictures,PG-13,Action,1,1,M,6.9
Always Shine,tt4392770,2016,P,USA,0,Little Teeth Pictures,UNRATED,Drama,0,1,F,5.6
Monster Trucks,tt3095734,2016,F,USA,0,Paramount Pictures,PG,Action,0,4,M,5.7
Little Door Gods,tt4788934,2016,P,China,0,The Weinstein Company,N/A,Animation,0,2,M,5.4
"Shallows, The",tt4052882,2016,P,USA,1,Ombra Films,PG-13,Drama,0,1,M,6.3
"Belko Experiment, The",tt1082807,2016,P,USA,0,BH Tilt,R,Action,0,1,M,6.1
Tallulah,tt1639084,2016,P,USA,2,Netflix,N/A,Comedy,0,0,M,6.7
Jane Got a Gun,tt2140037,2016,F,USA,3,Relativity Media,R,Action,0,4,M,5.9
Dear Eleanor,tt2927212,2016,P,USA,0,Nine Nights,PG-13,Adventure,2,0,M,6.0
"Red Turtle, The",tt3666024,2016,F,France,0,Studio Ghibli,PG,Animation,0,2,M,7.5
"Divergent Series: Allegiant, The",tt3410834,2016,P,USA,0,Lionsgate,PG-13,Action,1,2,M,5.7
Electra Woman and Dyna Girl,tt4644822,2016,P,USA,0,,N/A,Comedy,0,0,M,5.4
Finding Dory,tt2277860,2016,P,USA,1,Walt Disney Pictures/PIXAR,PG,Animation,1,2,M,7.3
"BFG, The",tt3691740,2016,P,USA,2,Walt Disney Pictures,PG,Adventure,1,0,M,6.4
Doukyuusei,tt5526028,2016,F,Japan,0,Aniplex,N/A,Animation,0,0,M,7.8
I Am the Pretty Thing That Lives in the House,tt5059406,2016,P,Canada,0,Netflix,N/A,Horror,0,0,M,4.6
Tenemos la carne [We Are the Flesh],tt4682708,2016,F,Mexico,0,N/A,NOT RATED,Drama,0,1,M,4.7
Don&#39;t Hang Up,tt3610746,2016,F,UK,0,N/A,R,Horror,0,1,M,5.6
Un homme a la hauteur,tt4699388,2016,P,France,1,N/A,N/A,Comedy,0,1,M,6.3
Their Finest,tt1661275,2016,P,UK,0,EuropaCorp / STXfilms,R,Comedy,0,0,M,6.8
Sand Castle,tt2582576,2017,F,USA,0,Netflix,TV-MA,Drama,0,1,M,6.3
Creep 2,tt3654796,2017,F,USA,2,The Orchard,NOT RATED,Horror,0,2,M,6.4
"Big Sick, The",tt5462602,2017,P,USA,1,Amazon Studios,R,Comedy,1,0,M,7.6
"Incredible Jessica James, The",tt5990342,2017,P,USA,0,Netflix,N/A,Comedy,0,0,M,6.5
"LEGO Batman Movie, The",tt4116284,2017,P,USA,0,Warner Bros. Pictures,PG,Animation,0,9,M,7.3
My Little Pony: The Movie,tt4131800,2017,P,USA,0,Lionsgate,PG,Animation,3,2,M,6.1
Wonder,tt2543472,2017,P,USA,0,Lionsgate,PG,Drama,0,3,M,8.0
Dance Academy: The Movie,tt5834660,2017,P,Germany,0,Cinedigm,N/A,Drama,1,0,M,7.0
MFKZ,tt4717402,2017,F,France,0,Fathom Events,N/A,Animation,0,0,M,6.9
Ver&oacute;nica,tt5862312,2017,P,Spain,2,N/A,TV-MA,Drama,0,1,M,6.2
Ferdinand,tt3411444,2017,P,USA,0,Blue Sky Studio/20th Century Fox,PG,Animation,0,3,M,6.7
Dunkirk,tt5013056,2017,F,UK,0,Warner Bros. Pictures,PG-13,Action,0,1,M,7.9
Death Note,tt1241317,2017,F,USA,0,Vertigo Entertainment,TV-MA,Adventure,0,1,M,4.6
Table 19,tt1412528,2017,P,USA,0,Fox Searchlight Pictures,PG-13,Comedy,0,4,M,5.8
Diary of a Wimpy Kid: The Long Haul,tt6003368,2017,F,USA,0,20th Century Fox,PG,Comedy,0,1,M,4.4
"Escape, The",tt6069126,2017,P,UK,2,N/A,N/A,Drama,0,1,M,5.9
"Dinner, The",tt3203620,2017,P,USA,0,Chubbco Film Co.,R,Crime,0,0,M,4.5
Thoroughbreds,tt5649108,2017,P,USA,0,Focus Features,R,Comedy,0,1,M,6.8
Wish Upon,tt5322012,2017,P,USA,1,Broad Green Pictures,PG-13,Fantasy,1,0,M,5.1
God&#39;s Own Country,tt5635086,2017,F,UK,0,Samuel Goldwyn Films,NOT RATED,Drama,0,1,M,7.7
I Can Speak,tt7342204,2017,P,South Korea,3,N/A,N/A,Comedy,0,0,M,7.6
Revenge,tt6738136,2017,F,France,0,N/A,R,Action,0,0,M,6.3
An Elephant Sitting Still (Da xiang xi di er zuo),tt8020896,2018,F,China,0,N/A,N/A,Drama,0,0,M,7.9
Hearts Beat Loud,tt7158430,2018,P,USA,2,Gunpowder & Sky,PG-13,Comedy,0,2,M,6.9
Tully,tt5610554,2018,P,USA,2,Focus Features,R,Comedy,0,0,M,7.0
Jurassic World: Fallen Kingdom,tt4881806,2018,P,USA,0,Universal Pictures,PG-13,Action,0,3,M,6.2
